Outlet Code,Outlet Name,Outlet Address,Town,Route Title,Head Channel,Sub Channel,Segment Name,Owner,Cell#1,Lattitude,Longitude
1000019384,AL RAZA TUCK SHOP,KALLAR ROAD SHAH BAGH,KALLAR SYEDAN,KALLAR SYEDAN-2,TRADITIONAL HORECA,BEVERAGE & STREET VENDOR,Eatries,SYED SHAHBAZ RAZA,	923446872512,33.4321357,73.3639323
1000019387,AWAMI HOTEL,AWAMI HOTEL JAMIA MASJID ROAD  JNAJUA MARKET CHAWK PINDORI,KALLAR SYEDAN,KALLAR SYEDAN-3,TRADITIONAL HORECA,CONVENTIONAL RESTAURANT,Eatries,GUL FARAZ,	923075332362,33.470696,73.34281
1000019407,BABAR GENERAL STORE,CHOWK PANDORI KALLAR  RAWAT,KALLAR SYEDAN,KALLAR SYEDAN-1,CONVENTIONAL TRADE,GENERAL STORE,Groceries,BABAR,	923219760871,33.4126,73.3874
1000019439,MOON BAKER,SHAH BAIG STOP MAIN KALLAR ROAD,KALLAR SYEDAN,KALLAR SYEDAN-3,SPECIALITY STORE,BAKERIES & SWEET SHOPS,Others,UMAIR ALI,	923005354735,33.7720268,72.3557298
1000019451,LALA GEE,G-T ROAD RAWAT,KALLAR SYEDAN,KALLAR SYEDAN-2,TRADITIONAL HORECA,CONVENTIONAL RESTAURANT,Eatries,SHAFAAT RASOOL,	923085062961,33.449782,73.226287
1000019452,SHABIR MADICAL,MAIN BAZAR CHOWK PINDORI,KALLAR SYEDAN,KALLAR SYEDAN-3,SPECIALITY STORE,MEDICAL STORE/CHAIN OF MEDICAL,Others,SHABIR AHMED,	923066325987,33.4765,73.258965
1000019461,SAJID KARYANA STORE,G T ROAD   RAWAT,KALLAR SYEDAN,KALLAR SYEDAN-2,CONVENTIONAL TRADE,GENERAL STORE,Groceries,SAJID,	923168820065,33.46179,73.26382
1000019462,IMTIAZ TUCK SHOP,G T ROAD   RAWAT,KALLAR SYEDAN,KALLAR SYEDAN-2,TRADITIONAL HORECA,BEVERAGE & STREET VENDOR,Eatries,MUHAMMAD IMTIAZ,	923484350548,33.4796,73.24262
1000019463,TANVEER GENERAL STORE,G T ROAD   RAWAT,KALLAR SYEDAN,KALLAR SYEDAN-2,CONVENTIONAL TRADE,GENERAL STORE,Groceries,RAJA TANVEER,	923025829705,33.47951,73.24317
1000019474,BISMILLAH LAJPAL KASHMIRI HOTEL,T CHOWK G.T ROAD  RAWAT,KALLAR SYEDAN,KALLAR SYEDAN-2,TRADITIONAL HORECA,CONVENTIONAL RESTAURANT,Eatries,MR.ALYAS,	923225218778,33.50424,73.19196
1000019477,KHATAK GENERAL STORE,CHAMBER LINK ROAD RAWALPINDI,KALLAR SYEDAN,KALLAR SYEDAN-2,CONVENTIONAL TRADE,GENERAL STORE,Groceries,MUNAWAR,	923217367351,33.50676,73.18841
1000019483,KIAYANI GENERAL STORE,GT ROAD DHOKE SHOUKAT,KALLAR SYEDAN,KALLAR SYEDAN-2,CONVENTIONAL TRADE,GENERAL STORE,Groceries,FAROOQ KIYANI,	923455027868,33.45798,73.21424
1000019484,MADINA BAKER,MEEL RAWAT,KALLAR SYEDAN,KALLAR SYEDAN-2,SPECIALITY STORE,BAKERIES & SWEET SHOPS,Others,SYED ASIF,	923125319390,33.45025,73.224012
1000019486,MADINA CD,GT ROAD RAWAT,KALLAR SYEDAN,KALLAR SYEDAN-2,TRADITIONAL HORECA,BEVERAGE & STREET VENDOR,Eatries,SHUJAAT,	923065958123,33.4367754,73.228831
1000019489,NEW ISLAMABAD HOTEL,GT ROAD MAIN BAZAR LATIF FOUNDATION,KALLAR SYEDAN,KALLAR SYEDAN-2,TRADITIONAL HORECA,CONVENTIONAL RESTAURANT,Eatries,BASHIR AHMED,	923328520460,33.44779,73.22473
1000019495,NOMAN K/STORE,CHAMBER INDUSTRIAL RAWAT RAWALPINDI,KALLAR SYEDAN,KALLAR SYEDAN-2,CONVENTIONAL TRADE,KIRYANA STORE,Groceries,KAMRAN,	923005167145,33.50616,73.20704
1000019523,AL SHAHBZ HOTEL,G-T ROAD CHANNI PULL,KALLAR SYEDAN,KALLAR SYEDAN-2,TRADITIONAL HORECA,CONVENTIONAL RESTAURANT,Eatries,TALIB,	923015663533,33.44326,73.22558
1000019530,BABA JI KALYAMI GENERAL STORE,G T ROAD   RAWAT,KALLAR SYEDAN,KALLAR SYEDAN-2,CONVENTIONAL TRADE,GENERAL STORE,Groceries,,	923427218790,33.41757,73.22254
1000019535,BABA JEE KALYAMI TUCK SHOP,GT ROAD DHOK SHAUKAT,KALLAR SYEDAN,KALLAR SYEDAN-2,TRADITIONAL HORECA,BEVERAGE & STREET VENDOR,Eatries,ZAFRAN AMJED,	923024028028,33.457546,73.215031
1000019540,CHOUDHARY HOTEL & COLD DRINK,GT ROAD RAWAT NEAR T CHOWK RWAT,KALLAR SYEDAN,KALLAR SYEDAN-2,TRADITIONAL HORECA,BEVERAGE & STREET VENDOR,Eatries,RASHID SHAHZAD,	923145332577,33.50523,73.189063
1000019550,KHAN KIRYANA STORE,CHAMBER LINK ROAD,KALLAR SYEDAN,KALLAR SYEDAN-2,CONVENTIONAL TRADE,KIRYANA STORE,Groceries,,	923447852645,33.50358,73.20115
1000019554,MADNI LAJPAL GENERAL STORE,GT ROAD RAWAT,KALLAR SYEDAN,KALLAR SYEDAN-2,CONVENTIONAL TRADE,GENERAL STORE,Groceries,SHAHID IQBAL,	923125384219,33.454682,73.2227711
1000019555,MALIK KS,GT ROAD RAWAT,KALLAR SYEDAN,KALLAR SYEDAN-2,CONVENTIONAL TRADE,KIRYANA STORE,Groceries,MALIK ASAD,	923006247176,33.4508141,73.2226023
1000019559,PIZZA HUT,G-T ROAD,KALLAR SYEDAN,KALLAR SYEDAN-2,MODERN HORECA,FAST FOOD,Eatries,ADNAN TASAWAR,	923005481232,33.4784313,73.1968734
1000019564,RASHID COLD CORNER,G-T ROAD,KALLAR SYEDAN,KALLAR SYEDAN-2,TRADITIONAL HORECA,BEVERAGE & STREET VENDOR,Eatries,IMRAN SABIR,	923435692422,33.47891,73.24651
1000019566,FAIZYAB GENERAL STORE,G-T ROAD,KALLAR SYEDAN,KALLAR SYEDAN-2,CONVENTIONAL TRADE,GENERAL STORE,Groceries,MUHAMMAD JAMAL,	923485192988,33.44785,73.22483
1000019570,SUPER BULE STAR TUCK SHOP,R-T ROAD RAWAT,KALLAR SYEDAN,KALLAR SYEDAN-2,SPECIALITY STORE,PETROLEUM FOOD MARTS,Others,MURTAZA HUSSAIN SHAH,	923115476088,33.395758,73.227881
1000019572,SAIM KIRYANA STORE,CHANI PUL G T ROAD,KALLAR SYEDAN,KALLAR SYEDAN-2,CONVENTIONAL TRADE,KIRYANA STORE,Groceries,ABID,	923038146214,33.4434013,73.2261559
1000019579,UMAR TUCK SHOP,G T ROAD NEAR NADRA OFFICE RAWAT,KALLAR SYEDAN,KALLAR SYEDAN-2,TRADITIONAL HORECA,BEVERAGE & STREET VENDOR,Eatries,UMER SHAHZAD,	923005187737,33.5011,73.19535
1000019580,WAJAB C/D,G.T ROAD  RAWAT,KALLAR SYEDAN,KALLAR SYEDAN-2,TRADITIONAL HORECA,BEVERAGE & STREET VENDOR,Eatries,WAJAB HUSSAIN,	923215144789,33.480347,73.19687
1000019597,AWAN TUCK SHOP,G-T ROAD MANDRA,KALLAR SYEDAN,KALLAR SYEDAN-2,SPECIALITY STORE,PETROLEUM FOOD MARTS,Others,SAJID IMRAN,	923145349496,33.47342,73.19576
1000019613,SUPER WAY CASH AND CARRY,GT ROAD RAWAT,KALLAR SYEDAN,KALLAR SYEDAN-2,MODERN TRADE,MODERN GENRAL STORE,Groceries,SHAH NAWAZ,	923345153935,33.48587,73.19622
1000019631,KASHMIR HOTEL,G-T ROAD,KALLAR SYEDAN,KALLAR SYEDAN-2,TRADITIONAL HORECA,CONVENTIONAL RESTAURANT,Eatries,ABID,	923009764245,33.50447,73.19238
1000019636,KHAWAJA BABAR KS,CHAK MOHRI RAWAT,KALLAR SYEDAN,KALLAR SYEDAN-2,CONVENTIONAL TRADE,KIRYANA STORE,Groceries,KHAWAJA BABAR HUSSAIN,	923009703211,33.496383,73.196812
1000019688,AL MADINA K/STORE,SHOP#:   STREET#:   SECTOR: CITY KALAR SAYY,KALLAR SYEDAN,KALLAR SYEDAN-3,CONVENTIONAL TRADE,KIRYANA STORE,Groceries,WASIM,	923459751189,33.4181799,73.3723679
1000019692,HARMAIN SWEET,KALLR SYEDIAN ROAD CHAWK PINDORI,KALLAR SYEDAN,KALLAR SYEDAN-3,SPECIALITY STORE,BAKERIES & SWEET SHOPS,Others,NADEEM SIDDIQUE,	923009190518,33.47028143,73.34257487
1000020312,CHAMAN BAKERY,KALLAR ROAD CHAWK PINDORI,KALLAR SYEDAN,KALLAR SYEDAN-3,SPECIALITY STORE,BAKERIES & SWEET SHOPS,Others,FARRUKH MEHMOOD,	923485075609,33.4704235,73.34225213
1000022002,KHAN BURGER HOUSE,CHAK PONDORI,KALLAR SYEDAN,KALLAR SYEDAN-3,TRADITIONAL HORECA,CONVENTIONAL RESTAURANT,Eatries,FAROOQ,	923025485415,33.49445,73.20155
1000022003,ABDUL HAMEED C/D,G.T ROAD  DHOK SHAUKAT  RAWAT,KALLAR SYEDAN,KALLAR SYEDAN-2,TRADITIONAL HORECA,BEVERAGE & STREET VENDOR,Eatries,MUHAMMAD SOHAIL ZAFAR,	923349576318,33.456134,73.215798
1000026941,NEW POTHOHAR HOTEL,CHOA ROAD KALLAR SYEDAN,KALLAR SYEDAN,KALLAR SYEDAN-3,TRADITIONAL HORECA,CONVENTIONAL RESTAURANT,Eatries,MEHMOOD HUSSAIN,	923035176887,33.4137361,73.3767641
1000026942,NIAZ BAKERS,SHOP#:   STREET#:PINDI ROAD   SECTOR:,KALLAR SYEDAN,KALLAR SYEDAN-1,SPECIALITY STORE,BAKERIES & SWEET SHOPS,Others,SAGHEER,	923015700786,33.414703,73.378292
1000026946,QAZI ARSHAD KIRYANA STORE,SHOP#:   STREET#:PINDI ROAD   SECTOR:KALLAR,KALLAR SYEDAN,KALLAR SYEDAN-3,CONVENTIONAL TRADE,KIRYANA STORE,Groceries,MUHAMMAD ISHAQ,	923445244612,33.4182884,73.3721989
1000026947,RAWAL KIRYANA STORE,PINDI ROAD,KALLAR SYEDAN,KALLAR SYEDAN-1,CONVENTIONAL TRADE,KIRYANA STORE,Groceries,ZEESHAN ASHRAF,	923005578599,33.417401,73.37368
1000026954,SHELL TUCK SHOP,SHOP#:   STREET#:PINDI ROAD   SECTOR:KALLAR,KALLAR SYEDAN,KALLAR SYEDAN-1,SPECIALITY STORE,PETROLEUM FOOD MARTS,Others,IBRAR MUZAFFAR,	923335666303,33.434545,73.363268
1000026955,SUB.ARSHAD MEHMOOD KS,SHOP#:   STREET#:THAAL   SECTOR:KHAALSA,KALLAR SYEDAN,KALLAR SYEDAN-3,CONVENTIONAL TRADE,KIRYANA STORE,Groceries,ARSHAD MEHMOOD,	923015291559,33.5122076,73.4327207
1000026957,WAJID TUCK SHOP,MAIN DUDYAL ROOD MOHRA K.SAYYDE,KALLAR SYEDAN,KALLAR SYEDAN-3,TRADITIONAL HORECA,BEVERAGE & STREET VENDOR,Eatries,WAJID HUSSAIN,	923008361542,33.4085923,73.4184714
1000026958,YASIR COLD DRINK,SHOP#:   STREET#:PINDI ROAD   SECTOR:,KALLAR SYEDAN,KALLAR SYEDAN-1,CONVENTIONAL TRADE,PAN/ CIGARETTE SHOP,Others,RUKHSAR AHMED,	923009890191,33.434761,73.36301
1000026959,NAVEED K/S,MAIRA SANGLE AZMAT MARKET,KALLAR SYEDAN,KALLAR SYEDAN-3,CONVENTIONAL TRADE,KIRYANA STORE,Groceries,NAVEED MEHMOOD,	923025829705,33.3713277,73.4102369
1000026960,SHAHID KIRYANA STORE,AARAZI # #,KALLAR SYEDAN,KALLAR SYEDAN-3,CONVENTIONAL TRADE,KIRYANA STORE,Groceries,SHUJAHAT ALI,	923155142012,33.4536195,73.33828
1000026964,ATIQ C/D,SHOP#:   STREET#:CHOWA   SECTOR:KHALSAA,KALLAR SYEDAN,KALLAR SYEDAN-3,TRADITIONAL HORECA,BEVERAGE & STREET VENDOR,Eatries,SAJID,	923065113423,33.4086863,73.4807007
1000026965,AWAMI HOTEL,SHOP#:   STREET#:PINDI   SECTOR:ROAD,KALLAR SYEDAN,KALLAR SYEDAN-1,TRADITIONAL HORECA,CONVENTIONAL RESTAURANT,Eatries,GUL FARAZ,	923005107508,33.413365,73.387379
1000026975,KHAWAR GENERAL STORE,PINDI ROAD KALLAR NEAR PEPSI DEPO,KALLAR SYEDAN,KALLAR SYEDAN-3,CONVENTIONAL TRADE,GENERAL STORE,Groceries,YASIR IQBAL,	923455201674,33.4170635,73.374169
1000026977,KHURRAM GENERAL STORE,SHOP#:   STREET#:KONAHA   SECTOR:KALLAR,KALLAR SYEDAN,KALLAR SYEDAN-1,CONVENTIONAL TRADE,GENERAL STORE,Groceries,SARFRAZ KHAN,	923005100634,33.419612,73.369068
1000027269,MOON PAN SHOP,STREET CHAWA ROAD KAHUTA,KALLAR SYEDAN,KALLAR SYEDAN-1,CONVENTIONAL TRADE,PAN/ CIGARETTE SHOP,Others,NASIR,	923015124873,33.414505,73.378732
1000027271,NASEER BHATI KIRYANA STORE,GUJAR KHAN ROAD KALLAR SYEDAN,KALLAR SYEDAN,KALLAR SYEDAN-2,CONVENTIONAL TRADE,GENERAL STORE,Groceries,NASEER,	923005109415,33.4148445,73.3787804
1000027272,NEW UNIVERSAL BK & SWEETS,MUREED CHOWK CHOA ROAD,KALLAR SYEDAN,KALLAR SYEDAN-1,SPECIALITY STORE,BAKERIES & SWEET SHOPS,Others,SHABBIR,	923003577339,33.4125,73.38807
1000027275,PAK KASHMIR BAKERS,SHOP#:DAAN GALI   STREET#:ROAD   SECTOR:KALLAR,KALLAR SYEDAN,KALLAR SYEDAN-3,SPECIALITY STORE,BAKERIES & SWEET SHOPS,Others,SHUJAT,	923045739185,34.4746034,73.2689803
1000027276,PAKEEZA HOTEL,SHOP#:   STREET#:GUJAR KHAN   SECTOR:ROAD,KALLAR SYEDAN,KALLAR SYEDAN-3,TRADITIONAL HORECA,CONVENTIONAL RESTAURANT,Eatries,ORANGZAIB,	923126534786,34.4724261,73.2699311
1000027278,QAIS PAKWAN CENTER,PINDI ROAD KALLAR SYEDAN,KALLAR SYEDAN,KALLAR SYEDAN-1,INSTITUTIONS,MARRIAGE HALL/CATERERS,Eatries,TAHIR IQBAL,	923025142507,33.41683,73.374154
1000027283,RAHAT BAKERS,KASHMIR ROAD NEAR BANK AL FALAH KALLAR SAYYEDDAN  ISB,KALLAR SYEDAN,KALLAR SYEDAN-3,SPECIALITY STORE,BAKERIES & SWEET SHOPS,Others,ZAFRAN MASOOD,	923088533723,33.4144725,73.3876494
1000027284,SAEED BAKERS,KASHMIR ROAD NEAR ALFALAH BANK KALLAR SYEDAN,KALLAR SYEDAN,KALLAR SYEDAN-1,SPECIALITY STORE,BAKERIES & SWEET SHOPS,Others,ZAFRAN MASOOD,	923009887346,33.412968,73.383712
1000027287,SHAH GEE HOTEL,SHOP#:   STREET#:PINDI ROAD   SECTOR:KALLAR,KALLAR SYEDAN,KALLAR SYEDAN-1,TRADITIONAL HORECA,CONVENTIONAL RESTAURANT,Eatries,SYED SAQLAIN HUSSAIN SHAH,	923005503132,33.413918,73.384102
1000027291,SIDDIQUE HOTEL,SHOP#:GUJAR KHAN   STREET#:ROAD   SECTOR:KALLAR,KALLAR SYEDAN,KALLAR SYEDAN-1,TRADITIONAL HORECA,CONVENTIONAL RESTAURANT,Eatries,ADNAN,	923015531730,33.414798,73.37831
1000027294,UNIVERSAL BAKERS,MAIN BAZAR,KALLAR SYEDAN,KALLAR SYEDAN-3,SPECIALITY STORE,BAKERIES & SWEET SHOPS,Others,,	923028948339,33.4149278,73.3786601
1000027297,VICKY GENERAL STORE,SHOP#:   STREET#:PINDI ROAD   SECTOR:KALLAR,KALLAR SYEDAN,KALLAR SYEDAN-1,CONVENTIONAL TRADE,GENERAL STORE,Groceries,NAZEER AHMED,	923015359363,33.414579,73.378709
1000027299,YASIR BAKERS,LOONI DARBAR NEAR DARBAR KALLAR SYEDAN,KALLAR SYEDAN,KALLAR SYEDAN-1,SPECIALITY STORE,BAKERIES & SWEET SHOPS,Others,ADIL MUNIR,	923455316963,33.433336,73.38621
1000027300,BILAL GENERAL STORE & CD,CHOA ROAD NEAR RAHAT BAKERS KALLAR SYEDAN,KALLAR SYEDAN,KALLAR SYEDAN-1,CONVENTIONAL TRADE,GENERAL STORE,Groceries,MOHAMMED QASIM,	923068800053,33.4131025,73.3819916
1000027301,UMAR K/S,CHOHA ROAD WAGON STOP,KALLAR SYEDAN,KALLAR SYEDAN-3,CONVENTIONAL TRADE,KIRYANA STORE,Groceries,UMAR HUSSAIN,	923085787051,34.4720371,73.2687557
1000027425,LALA JHANGIR KS,SHOP#:   STREET#:KONAHA   SECTOR:KALLAR,KALLAR SYEDAN,KALLAR SYEDAN-3,CONVENTIONAL TRADE,KIRYANA STORE,Groceries,LALA JHANGER,	923004919942,33.4069869,73.446575
1000027427,MANGRIAL RAJPOOT GS,SHOP#:   STREET#:KANOHA   SECTOR:KALLAR,KALLAR SYEDAN,KALLAR SYEDAN-3,CONVENTIONAL TRADE,GENERAL STORE,Groceries,GUL FARAZ,	923009723574,33.4065705,73.4512957
1000027430,MIRZA COLD DRINK,SHOP#:   STREET#:PINDI ROAD   SECTOR:KALLAR,KALLAR SYEDAN,KALLAR SYEDAN-3,CONVENTIONAL TRADE,PAN/ CIGARETTE SHOP,Others,JAVED AKHTAR,	923009186441,33.4150571,73.3781029
1000027433,RAFAQAT K/S & GENERAL STORE,MAMYAM KALLAR SYEDAN,KALLAR SYEDAN,KALLAR SYEDAN-3,CONVENTIONAL TRADE,GENERAL STORE,Groceries,RAFAQAT HUSSAIN,	923035634726,33.4696876,73.7960137
1000027435,RASHID KIRYANA STORE,KASHMIR ROAD DHAN GALI KALLAR SYEDAN,KALLAR SYEDAN,KALLAR SYEDAN-3,CONVENTIONAL TRADE,KIRYANA STORE,Groceries,ASAD MEHMOOD,	923085969326,33.727842,73.9186587
1000027441,SHEHZAD GENERAL STORE,KASHMIR ROAD KONOHA KALLAR,KALLAR SYEDAN,KALLAR SYEDAN-3,CONVENTIONAL TRADE,GENERAL STORE,Groceries,SHAHID,	923025060208,33.4092842,73.4602006
1000027442,USMAN GENERAL STORE,BAGH AJMARI,KALLAR SYEDAN,KALLAR SYEDAN-3,CONVENTIONAL TRADE,GENERAL STORE,Groceries,MUHAMMAD SHAKEEL,	923028162702,33.4999214,73.5088897
1000027443,WAJID BAKERS,SHOP#:   STREET#:THAAL   SECTOR:KHAALSA,KALLAR SYEDAN,KALLAR SYEDAN-3,SPECIALITY STORE,BAKERIES & SWEET SHOPS,Others,MUHAMMAD KHIZER,	923008361542,34.4247499,73.2467001
1000027445,YAMIN SWEET HOUSE,SHOP#:   STREET#:   SECTOR: CITY KALAR SAYY,KALLAR SYEDAN,KALLAR SYEDAN-3,SPECIALITY STORE,BAKERIES & SWEET SHOPS,Others,,	923005567832,34.4388214,73.2174709
1000027446,A ONE MAGERA BAKERS,MAIN BAZAR DOBERAN,KALLAR SYEDAN,KALLAR SYEDAN-2,SPECIALITY STORE,BAKERIES & SWEET SHOPS,Others,M AKMAL,	923035564690,33.4229165,73.3931243
1000027448,AAFAQ BAKERS,SHOP#:   STREET#:SMOOT ROAD   SECTOR:,KALLAR SYEDAN,KALLAR SYEDAN-2,SPECIALITY STORE,BAKERIES & SWEET SHOPS,Others,AAMIR,	923009568595,34.4383679,73.213761
1000027460,DANYAL GENERAL STORE,SAKOOT MOR DHAMALI KALLAR SYEDAN,KALLAR SYEDAN,KALLAR SYEDAN-3,CONVENTIONAL TRADE,GENERAL STORE,Groceries,SAQIB BASHEER,	923005806491,33.4110129,73.3799861
1000027587,BISMILLAH GENERAL STORE,SHOP#:   STREET#:   SECTOR:KALLAR,KALLAR SYEDAN,KALLAR SYEDAN-3,CONVENTIONAL TRADE,GENERAL STORE,Groceries,GHULAAM SARWAR,	923005093371,34.4372303,73.2242547
1000027589,CH QADEER KIRYANA STORE,SHOP#:   STREET#:PINDI ROAD   SECTOR:KALLAR,KALLAR SYEDAN,KALLAR SYEDAN-1,CONVENTIONAL TRADE,KIRYANA STORE,Groceries,QADEER,	923365023658,33.41798,73.371795
1000027591,CHAUHAN GENERAL STORE,PINDI ROAD KALLAR NEAR PEPSI DEPO,KALLAR SYEDAN,KALLAR SYEDAN-2,CONVENTIONAL TRADE,GENERAL STORE,Groceries,IKRAM,	923035712851,33.415972,73.376527
1000027592,EJAZ PAN SHOP,SHOP#:   STREET#:CHAWA RD   SECTOR:KALLAR,KALLAR SYEDAN,KALLAR SYEDAN-1,CONVENTIONAL TRADE,PAN/ CIGARETTE SHOP,Others,QASIM,	923015343810,33.4134978,73.3805385
1000027596,G-5 SUPER STORE,CHOAHA ROAD  KALLAR SYEDAN  RAWALPINDI,KALLAR SYEDAN,KALLAR SYEDAN-2,WHOLESALE,WHOLESALE,Wholeseller,WASEEM ABBASS,	923365494026,33.412931,73.38315
1000027601,HAMZA JUICE & FISH CENTER,SHOP#:   STREET#:GUJAR KHAN   SECTOR:ROAD,KALLAR SYEDAN,KALLAR SYEDAN-1,TRADITIONAL HORECA,LOCAL FOOD STAND,Eatries,ADNAN,	923005231785,33.4143873,73.3786822
1000027602,HANIF MEDICAL STORE,MAIN BAZAR KALLAR SEYDAN,KALLAR SYEDAN,KALLAR SYEDAN-3,SPECIALITY STORE,MEDICAL STORE/CHAIN OF MEDICAL,Others,NASEER AHMED,	923045867496,34.4247499,73.2467001
1000027604,IDEAL BAKERS,MAIN BAZAR KALLAR CHOWK GUJARKHAN ROAD,KALLAR SYEDAN,KALLAR SYEDAN-1,SPECIALITY STORE,BAKERIES & SWEET SHOPS,Others,MUHMMAD JAVED,	923215032134,33.414569,73.378621
1000027605,IDRESS SWEET & BK,SHOP#:NEELAM   STREET#:BAZAR   SECTOR:KALLAR,KALLAR SYEDAN,KALLAR SYEDAN-3,SPECIALITY STORE,BAKERIES & SWEET SHOPS,Others,IDRESS,	923215070946,33.415251,73.3787977
1000027606,IMRAN K/STORE,GUJARKHAN ROAD KALLAR,KALLAR SYEDAN,KALLAR SYEDAN-3,CONVENTIONAL TRADE,KIRYANA STORE,Groceries,M IMRAN,	923317655421,33.413427,73.3825275
1000027607,IQBAL BAKERS,MAIN CHOWK KALLAR,KALLAR SYEDAN,KALLAR SYEDAN-3,SPECIALITY STORE,BAKERIES & SWEET SHOPS,Others,,	923469622070,34.4247499,73.2467001
1000027609,JAN & SONS KIRYANA STORE,SHOP PINDI ROAD KALLAR SYADAN,KALLAR SYEDAN,KALLAR SYEDAN-1,CONVENTIONAL TRADE,KIRYANA STORE,Groceries,SABOOR HUSSAIN,	923005258372,33.413585,73.3806533
1000027610,KARACHI NASEEB BARYANI CENTRE,CHOA ROAD KALLAR NEAR BANK AL HABIB,KALLAR SYEDAN,KALLAR SYEDAN-1,TRADITIONAL HORECA,LOCAL FOOD STAND,Eatries,DILDAR ALI,	923455290741,33.4129383,73.3827317
1000027611,KOMI KIRYANA STORE,PINDI ROAD KALLAR SYEDAN,KALLAR SYEDAN,KALLAR SYEDAN-1,CONVENTIONAL TRADE,KIRYANA STORE,Groceries,DILDAR HUSSAIN,	923005205706,33.4138803,73.3785571
1000027612,LASANI SWEETS PALACE,SHOP#:   STREET#:MAIN BAZAR   SECTOR:KALAR,KALLAR SYEDAN,KALLAR SYEDAN-1,SPECIALITY STORE,BAKERIES & SWEET SHOPS,Others,ZAHOOR AHMED,	923135042002,33.41455,73.37864
1000027613,M ISMAIL GENERAL STORE,MAIN CHOWK KALLAR SYEDAN,KALLAR SYEDAN,KALLAR SYEDAN-1,CONVENTIONAL TRADE,GENERAL STORE,Groceries,MUHAMMAD ISMAIL,	923028900966,33.414861,73.378872
1000027614,MALIK BAKERS,GUJARKHAN ROAD KALLAR,KALLAR SYEDAN,KALLAR SYEDAN-1,SPECIALITY STORE,BAKERIES & SWEET SHOPS,Others,JAMEEL,	923009871782,33.41902542,73.3699646
1000027615,MANO TRADERS,CHOA ROAD KALLAR SYEDAN,KALLAR SYEDAN,KALLAR SYEDAN-2,WHOLESALE,WHOLESALE,Wholeseller,ASGHAR AHMED,	923009866367,33.4130589,73.3813703
1000027742,ALI PHARMACY,SHOP#:BHAKARABAD   STREET#:KALLAR   SECTOR:SAYYEDAN,KALLAR SYEDAN,KALLAR SYEDAN-3,SPECIALITY STORE,MEDICAL STORE/CHAIN OF MEDICAL,Others,MUHAMMAD,	923135517412,33.4139643,73.3812186
1000027744,ARMAN TUCK SHOP,PINDI ROAD NEAR NADRA OFFICE KALLAR SYEDAN,KALLAR SYEDAN,KALLAR SYEDAN-1,TRADITIONAL HORECA,BEVERAGE & STREET VENDOR,Eatries,CHAUDHARY NADEEM IQBAL,	923005041912,33.418819,73.371223
1000027745,ASIF MEDICAL STORE,PINDI ROAD KALLAR OPP DHQ HOSPITAL,KALLAR SYEDAN,KALLAR SYEDAN-1,SPECIALITY STORE,MEDICAL STORE/CHAIN OF MEDICAL,Others,ASIF ALI,	923005541618,33.420217,73.367984
1000027746,AZAM BK,MAIN BAZAR KALLAR SEYDAN,KALLAR SYEDAN,KALLAR SYEDAN-1,SPECIALITY STORE,BAKERIES & SWEET SHOPS,Others,KHURRAM SHAHZAD,	923455540756,33.41679,73.3741
1000027748,BISMILLAH FOODS REFRESHMENT,PINDI ROAD KALLAR,KALLAR SYEDAN,KALLAR SYEDAN-3,TRADITIONAL HORECA,LOCAL FOOD STAND,Eatries,ISHAAQ,	923215240648,33.332,72.22
1000027749,BUTT HOTEL,MAIN BAZAR KALLAR SEYDAN,KALLAR SYEDAN,KALLAR SYEDAN-3,TRADITIONAL HORECA,CONVENTIONAL RESTAURANT,Eatries,,	923225268834,34.4373055,73.2243025
1000027750,CHAUDHARY FRESH FOOD,MAIN BAZZAR KALLAR SYEDAN,KALLAR SYEDAN,KALLAR SYEDAN-3,TRADITIONAL HORECA,LOCAL FOOD STAND,Eatries,MUHAMMAD KALEEM,	923005813043,33.4152436,73.3781029
1000027752,ELEVEN GREEN REFRESHMENT,CHOA ROAD KALLAR NEAR  RAHAT BAKERS,KALLAR SYEDAN,KALLAR SYEDAN-1,TRADITIONAL HORECA,BEVERAGE & STREET VENDOR,Eatries,MUHAMMAD IRFAN KHALIQ,	923015512901,33.413182,73.383966
1000027753,QASIM GENERAL STORE,PINDI ROAD KALLAR SYEDAN,KALLAR SYEDAN,KALLAR SYEDAN-3,CONVENTIONAL TRADE,GENERAL STORE,Groceries,,	923075159786,34.4047555,73.2241748
1000027755,FAROOQ LAJPAL HOTEL,SHOP#:   STREET#:WAGON ADDA   SECTOR:CHOHA ROAD,KALLAR SYEDAN,KALLAR SYEDAN-3,TRADITIONAL HORECA,CONVENTIONAL RESTAURANT,Eatries,FAROOQ,	923009713600,34.4366634,73.2269485
1000027758,HAQANI K/STORE,DHANE GALI SHARE E KASHMIR,KALLAR SYEDAN,KALLAR SYEDAN-3,CONVENTIONAL TRADE,KIRYANA STORE,Groceries,ABDUL QADOOS,	923009134859,33.4662887,73.4163753
1000027759,HAMZA TUCK SHOP,SHOP#:HIGH   STREET#:SCHOOL   SECTOR:KALLAR,KALLAR SYEDAN,KALLAR SYEDAN-1,TRADITIONAL HORECA,BEVERAGE & STREET VENDOR,Eatries,AAMIR,	923005164913,33.419637,73.369392
1000027762,IFTIKHAR PAKWAN CENTER,SHOP#:   STREET#:CHAWA ROAD   SECTOR:KALLAR,KALLAR SYEDAN,KALLAR SYEDAN-3,INSTITUTIONS,MARRIAGE HALL/CATERERS,Eatries,IFTIKHAR,	923425572354,33.4321728,73.3641772
1000027764,JUNAID COLD DRINK,SHOP#:   STREET#:PINDI ROAD   SECTOR:KALLAR,KALLAR SYEDAN,KALLAR SYEDAN-1,TRADITIONAL HORECA,BEVERAGE & STREET VENDOR,Eatries,AMJAD,	923485899527,33.413024,73.382483
1000027767,KHYBER HOTEL,SHOP#:   STREET#:MUREED   SECTOR:CHOWK,KALLAR SYEDAN,KALLAR SYEDAN-3,TRADITIONAL HORECA,CONVENTIONAL RESTAURANT,Eatries,RAFFIQ,	923013009441,33.4152247,73.3992506
1000027768,KHYZIR HAYAT KIRYANA STORE,SHOP#:MEERA   STREET#:SINGAL   SECTOR:KALLAR,KALLAR SYEDAN,KALLAR SYEDAN-1,CONVENTIONAL TRADE,KIRYANA STORE,Groceries,KHYZIR HAYAT,	923009509149,33.41902,73.37006
1000028041,ADEEL GENERAL STORE,PINDI ROAD KAHUTA,KALLAR SYEDAN,KALLAR SYEDAN-1,CONVENTIONAL TRADE,GENERAL STORE,Groceries,ADEEL,	923449173662,33.4129,73.3777
1000028898,HAMZA SWEETS & BAKERS,SHOP#:   STREET#:CHOWA   SECTOR:KHALSAA,KALLAR SYEDAN,KALLAR SYEDAN-3,SPECIALITY STORE,BAKERIES & SWEET SHOPS,Others,BILAL AFZAL,	923045616620,33.4131996,73.4855515
1000028899,HAROON GENERAL STORE,SHOP#:   STREET#:CHOWA   SECTOR:KHALSA,KALLAR SYEDAN,KALLAR SYEDAN-3,CONVENTIONAL TRADE,GENERAL STORE,Groceries,WAJID,	923025188758,33.4139474,73.4848219
1000028900,JUNGLE HOTEL,SHOP#:   STREET#:DAAN GALI   SECTOR:ROAD,KALLAR SYEDAN,KALLAR SYEDAN-3,TRADITIONAL HORECA,CONVENTIONAL RESTAURANT,Eatries,MAROOF,	923365218543,33.3655308,73.5486705
1000028902,KASHMIR BAKERS & GS,SHOP#:   STREET#:CHOWA   SECTOR:KHALSAA,KALLAR SYEDAN,KALLAR SYEDAN-3,SPECIALITY STORE,BAKERIES & SWEET SHOPS,Others,ABDUL HAMEED,	923325735140,33.4139474,73.4848219
1000028903,KASHMIR KIRYANA STORE,STREET DOBAIRAN SECTOR ROAD,KALLAR SYEDAN,KALLAR SYEDAN-3,CONVENTIONAL TRADE,KIRYANA STORE,Groceries,YASIR HUSSAIN,	923065062226,33.4175285,73.3903167
1000028904,MINHAS SUPER STORE,MAMYAM   KALAR SYEDAN,KALLAR SYEDAN,KALLAR SYEDAN-3,MODERN TRADE,MODERN GENRAL STORE,Groceries,NUSRAT BABAR,	923355718006,33.5060747,73.511002
1000028905,MAQSOOD BAKERY,SHOP#:   STREET#:DOBAIRAN   SECTOR:ROAD,KALLAR SYEDAN,KALLAR SYEDAN-3,SPECIALITY STORE,BAKERIES & SWEET SHOPS,Others,SHAUKAT HUSSAIN,	923025397449,33.4177412,73.3910462
1000028908,MEHRIA TRADERS,MAIN BAZAR DOBAIRAN KALLAR,KALLAR SYEDAN,KALLAR SYEDAN-2,WHOLESALE,WHOLESALE,Wholeseller,MEHAR ALI,	923008337887,33.42215,73.3931813
1000028917,SHEHZAD BAKERY,KASHMIR ROAD SIR SOOBA SHAH OPPOSITE HBL BANK KALLAR SYEDAN,KALLAR SYEDAN,KALLAR SYEDAN-2,SPECIALITY STORE,BAKERIES & SWEET SHOPS,Others,SHAHZAD AHMED,	923065045296,33.3951483,73.5126574
1000028919,SHARF GENERAL STORE,MAIN BAZAR CHOA KHALSA,KALLAR SYEDAN,KALLAR SYEDAN-3,CONVENTIONAL TRADE,GENERAL STORE,Groceries,RAFAKAT,	923005556034,33.4131996,73.4855515
1000028926,ZAFAR IQBAL K/S,MARA NAGRIAL PYAR HALI,KALLAR SYEDAN,KALLAR SYEDAN-3,CONVENTIONAL TRADE,KIRYANA STORE,Groceries,ZAFER IQBAL,	923005143336,33.3984638,73.4959901
1000030869,TAHIR MAHMOOD COLD CORNER,G.T ROAD   MANDRA   RAWAT,KALLAR SYEDAN,KALLAR SYEDAN-2,SPECIALITY STORE,PETROLEUM FOOD MARTS,Others,TAHIR RASHEED,	923100858668,33.49167927,73.20958759
1000030896,BASHARAT GENERAL STORE,G-T ROAD MANDARA,KALLAR SYEDAN,KALLAR SYEDAN-2,CONVENTIONAL TRADE,GENERAL STORE,Groceries,BASHARAT HUSSAIN,	923489102979,33.396585,73.287677
1000030922,LOGER MARHABA HOTEL & FAKHRE POTHAR REST,GT ROAD MANDRA,KALLAR SYEDAN,KALLAR SYEDAN-2,TRADITIONAL HORECA,CONVENTIONAL RESTAURANT,Eatries,IMTIAZ AHMED,	923151887172,33.36859,73.23988
1000030934,MUBSHAR KIRYANA STORE,BHATA,KALLAR SYEDAN,KALLAR SYEDAN-2,CONVENTIONAL TRADE,KIRYANA STORE,Groceries,MUBASHIR,	923410523462,33.479299,73.24476
1000031129,ALTAF HOTEL,MANDARA G-T ROAD CHAWAL MOOR,KALLAR SYEDAN,KALLAR SYEDAN-2,TRADITIONAL HORECA,CONVENTIONAL RESTAURANT,Eatries,M.IFTHAR,	923325845252,33.393274,73.229414
1000031311,NADEEM GENERAL STORE,DOULTALA GUJJAR KHAN,KALLAR SYEDAN,KALLAR SYEDAN-1,CONVENTIONAL TRADE,GENERAL STORE,Groceries,NADEEM,	923455549526,33.418,73.372
1000039160,UNITED SWEETS BAKERS AND SUPER STORE,KALLAR BY PASS NEAR ALLIED SCHOOL KALLAR SYEDAN,KALLAR SYEDAN,KALLAR SYEDAN-1,SPECIALITY STORE,BAKERIES & SWEET SHOPS,Others,HAJI ATTIQUE,	923338307992,33.422188,73.393081
1000069092,BISMILLAH GENERAL STORETORE,GUJAR KHAN ROAD KALAR SYEDAN,KALLAR SYEDAN,KALLAR SYEDAN-1,CONVENTIONAL TRADE,GENERAL STORE,Groceries,ATIF,	923059302803,33.412523,73.387465
1000069094,SHEIKH JHANGIR & SONS K/STORE,CHOWA ROAD NEAR NEW BUS STAND KALLAR SYEDAN,KALLAR SYEDAN,KALLAR SYEDAN-3,CONVENTIONAL TRADE,KIRYANA STORE,Groceries,FAIZAN ALI,	923355777212,33.4130003,73.3825135
1000069096,ALI PHARMACY,CHOWA ROAD OPPOSITE RAHAT BAKERY KALAR SYEDAN,KALLAR SYEDAN,KALLAR SYEDAN-1,SPECIALITY STORE,MEDICAL STORE/CHAIN OF MEDICAL,Others,MUHAJMMAD,	923337488371,33.412795,73.383862
1000069098,BAHAWAL SAVE MART,MAIN MUREED CHOWKE NEAR MADNI MASJID KALAR SYEDAN,KALLAR SYEDAN,KALLAR SYEDAN-1,MODERN TRADE,SUPER MARKET,LMT,MUHAMMAD PAZEER,	923065220763,33.413025,73.3876379
1000069099,YASIR COLD DRINK,PINDI ROAD LOONI NEAR SHELL PUMP KALAR SYEDAN,KALLAR SYEDAN,KALLAR SYEDAN-1,TRADITIONAL HORECA,BEVERAGE & STREET VENDOR,Eatries,RUKHSAR AHMED,	923235372101,33.433384,73.386286
1000069105,ALIF-LAAM-MEEM TUCK SHOP,BATHAR G.T ROAD RAWAT,KALLAR SYEDAN,KALLAR SYEDAN-2,TRADITIONAL HORECA,BEVERAGE & STREET VENDOR,Eatries,QASIM SADIQUE,	923125293020,33.496094,73.196132
1000069110,IMRAN KIRYANA STORE,KALLAR ROAD SADDAR MARKET,KALLAR SYEDAN,KALLAR SYEDAN-2,CONVENTIONAL TRADE,KIRYANA STORE,Groceries,MUHAMMAD IMRAN KHAN,	923009501477,33.481326,73.23356
1000069318,KHYBER SHANWARI HOTEL,GT ROAD RAWAT NEAR TOTAL PUMP,KALLAR SYEDAN,KALLAR SYEDAN-2,TRADITIONAL HORECA,CONVENTIONAL RESTAURANT,Eatries,RASHID SHAHZAD,	923120112577,33.508926,73.183789
1000072762,NASIR GENERAL STORE,THANDI ROAD MANDRA,KALLAR SYEDAN,KALLAR SYEDAN-2,CONVENTIONAL TRADE,GENERAL STORE,Groceries,NASIR HUSSAIN,	923105455500,33.364849,73.242412
1000073714,AZZAN GENERAL STORE,KALLAR ROAD   BATTHA CHOWK PINDORI,KALLAR SYEDAN,KALLAR SYEDAN-3,CONVENTIONAL TRADE,GENERAL STORE,Groceries,MUHAMMAD AQIB HUSSAIN,	923064080653,33.460324,73.343585
1000074848,SAFIULLAH BAKERS & SWEETS,KALLAR ROAD CHOWK PENDORI RAWAT,KALLAR SYEDAN,KALLAR SYEDAN-3,SPECIALITY STORE,BAKERIES & SWEET SHOPS,Others,MUDASSAR HAYAT,	923025495400,33.47027181,73.3428973
1000074867,ABID GENERAL STORE,VILLAGE MANDIKALA MANDRA,KALLAR SYEDAN,KALLAR SYEDAN-2,CONVENTIONAL TRADE,GENERAL STORE,Groceries,ABID HUSSAIN,	923005258280,1.1,1.5
1000076484,SUPER WAY CASH & CRRY,GT ROAD MANDRA RAWAT,KALLAR SYEDAN,KALLAR SYEDAN-2,MODERN TRADE,MODERN GENRAL STORE,Groceries,M FAROOQ,	923225153935,33.36242,73.24095
1000078325,JADDAH TRADER,GUJAR KHAN ROAD KALLAR SYEDAN,KALLAR SYEDAN,KALLAR SYEDAN-1,WHOLESALE,WHOLESALE,Wholeseller,MOHSIN AKHTAR,	923215219170,33.413648,73.378549
1000078326,MALIK AZHAR TRADER,DOBAIRAN KALLAN KALLAR SYEDAN,KALLAR SYEDAN,KALLAR SYEDAN-3,WHOLESALE,WHOLESALE,Wholeseller, AZHAR IQBAL,	923005170266,33.447977,73.50644
1000078327,PUNJAB TRADER,SUPER LAL MARKET GUJAR KHAN ROAD KALLAR SYEDAN,KALLAR SYEDAN,KALLAR SYEDAN-3,WHOLESALE,WHOLESALE,Wholeseller,WAJID ALI,	923015833025,33.4474517,73.5059061
1000095346,PARIS SHADI HALL,PINDI ROAD KALLAR SYEDAN,KALLAR SYEDAN,KALLAR SYEDAN-3,INSTITUTIONS,MARRIAGE HALL/CATERERS,Eatries,ANSAR,	923331234571,33.42144,73.366985
1000095347,ADIL TUCK SHOP,PINDI ROAD KALLAR SYEDAN,KALLAR SYEDAN,KALLAR SYEDAN-1,TRADITIONAL HORECA,BEVERAGE & STREET VENDOR,Eatries,MUHAMMAD SHAHZAIB,	923009184286,33.41269,73.38811
1000095349,KHAZIFA GENERAL STORE,PINDI ROAD KALLAR SYEDAN,KALLAR SYEDAN,KALLAR SYEDAN-1,CONVENTIONAL TRADE,GENERAL STORE,Groceries,NAZAQ HUSSAIN,	923025381908,33.41913986,73.37014008
1000095350,ABDULLAH TRADERS,PINDI ROAD KALLAR SYEDAN,KALLAR SYEDAN,KALLAR SYEDAN-1,MODERN TRADE,MODERN GENRAL STORE,Groceries,SHOUKAT HUSSAIN,	923459765028,33.416808,73.374132
1000095352,RAEES CAFE,PINDI ROAD KALLAR SYEDAN,KALLAR SYEDAN,KALLAR SYEDAN-3,TRADITIONAL HORECA,CONVENTIONAL RESTAURANT,Eatries,RAEES,	923009055792,33.415,73.378036
1000095353,SUPER CHAPLI KABAB,CHOA ROAD KALLAR SYEDAN,KALLAR SYEDAN,KALLAR SYEDAN-1,TRADITIONAL HORECA,CONVENTIONAL RESTAURANT,Eatries,ABID,	923005068052,33.414191,73.379105
1000095355,SHAHDI GENERAL STORE,MUREEK CHOWK KALLAR SYEDAN,KALLAR SYEDAN,KALLAR SYEDAN-1,CONVENTIONAL TRADE,GENERAL STORE,Groceries,SHUJHAT,	923155142012,33.412722,73.388068
1000095369,MALIK GENERAL STORE,THANA ROAD KALLAR SYEDAN,KALLAR SYEDAN,KALLAR SYEDAN-1,CONVENTIONAL TRADE,GENERAL STORE,Groceries,RIZWAN,	923005817704,33.4178467,73.379185
1000095370,KALEEM REFRESHMENT,MAIN  BAZAR KALLAR SYEDAN,KALLAR SYEDAN,KALLAR SYEDAN-3,TRADITIONAL HORECA,LOCAL FOOD STAND,Eatries,KALEEM,	923005813043,33.415104,73.378355
1000095371,WAJID GENERAL STORE,MAIN  BAZAR KALLAR SYEDAN,KALLAR SYEDAN,KALLAR SYEDAN-1,CONVENTIONAL TRADE,GENERAL STORE,Groceries,WAJID ALI,	923005802949,33.41679,73.37411
1000095372,BILAL KIRYANA STORE,GUJAR KHAN ROAD KALLAR SYEDAN,KALLAR SYEDAN,KALLAR SYEDAN-3,CONVENTIONAL TRADE,KIRYANA STORE,Groceries,BASHIR,	923005548840,33.411719,73.377317
1000095373,SIDDIQUI GENERAL STORE,GUJAR KHAN ROAD KALLAR SYEDAN,KALLAR SYEDAN,KALLAR SYEDAN-1,CONVENTIONAL TRADE,GENERAL STORE,Groceries,WAQAR AHMED,	923065583975,33.41386032,73.37840271
1000095377,TANVEER GENERAL STORE,SUI CHEMIAYAN KALLAR SYEDAN,KALLAR SYEDAN,KALLAR SYEDAN-3,CONVENTIONAL TRADE,GENERAL STORE,Groceries,TANVEER,	923075548369,33.372157,73.427237
1000095379,UNIQUE GENERAL STORE,SAMOOT ROAD SIR SUBA SHAH KALLAR SYEDAN,KALLAR SYEDAN,KALLAR SYEDAN-3,CONVENTIONAL TRADE,GENERAL STORE,Groceries,AHMED,	923005121959,33.391141,73.50738
1000095381,AL MADINA GENERAL STORE,SAMOOT ROAD SIR SUBA SHAH KALLAR SYEDAN,KALLAR SYEDAN,KALLAR SYEDAN-3,CONVENTIONAL TRADE,GENERAL STORE,Groceries,TAHIR,	923008500183,33.394098,73.508328
1000095382,HASSAN GENERAL STORE,SAMOOT ROAD SIR SUBA SHAH KALLAR SYEDAN,KALLAR SYEDAN,KALLAR SYEDAN-3,CONVENTIONAL TRADE,GENERAL STORE,Groceries,HASSAN,	923009569080,33.394052,73.507729
1000095383,ZAMURAT GENERAL STORE,SAMOOT ROAD SIR SUBA SHAH KALLAR SYEDAN,KALLAR SYEDAN,KALLAR SYEDAN-3,CONVENTIONAL TRADE,GENERAL STORE,Groceries,ZAMURAT,	923005147822,33.394061,73.509359
1000095385,ALI SWEETS,MAIN BAZAR SIR SUBHA SHAH KALLAR SYEDAN,KALLAR SYEDAN,KALLAR SYEDAN-3,SPECIALITY STORE,BAKERIES & SWEET SHOPS,Others,ALI,	923212637938,33.394107,73.50903
1000095386,AL MUSTAFA GENERAL STORE,MAIN BAZAR SIR SUBHA SHAH KALLAR SYEDAN,KALLAR SYEDAN,KALLAR SYEDAN-3,CONVENTIONAL TRADE,GENERAL STORE,Groceries,KAMRAN,	923005063736,33.394061,73.507878
1000095387,PAHLWAN FISH,MAIN BAZAR SIR SUBHA SHAH KALLAR SYEDAN,KALLAR SYEDAN,KALLAR SYEDAN-3,TRADITIONAL HORECA,CONVENTIONAL RESTAURANT,Eatries,SHOUKAT,	923065232365,33.360813,73.563899
1000095394,YASIR BAKERS,MAIN BAZAR SIR SUBHA SHAH NEAR PSO PUMP KALLAR SYEDAN,KALLAR SYEDAN,KALLAR SYEDAN-2,SPECIALITY STORE,BAKERIES & SWEET SHOPS,Others,YASIR REHMAN,	923455587754,33.393939,73.51047
1000095398,SHANI COLD DRINK,LOONI BAY PASS KALLAR SYEDAN,KALLAR SYEDAN,KALLAR SYEDAN-1,TRADITIONAL HORECA,BEVERAGE & STREET VENDOR,Eatries,ZEESHAN,	923030530793,33.431547,73.364435
1000095401,UMAR KIRYANA STORE,ARRAZI KALLAR SYEDAN,KALLAR SYEDAN,KALLAR SYEDAN-3,CONVENTIONAL TRADE,KIRYANA STORE,Groceries,UMAR,	923217086486,33.379434,73.37886
1000095402,TAAJ KIRYANA STORE,ARRAZI KALLAR SYEDAN,KALLAR SYEDAN,KALLAR SYEDAN-3,CONVENTIONAL TRADE,KIRYANA STORE,Groceries,WAQAS,	923405029822,33.378955,73.379029
1000095403,ABBASI CHEMIST,GHOSIA PLAZA KALLAR SYEDAN,KALLAR SYEDAN,KALLAR SYEDAN-1,SPECIALITY STORE,MEDICAL STORE/CHAIN OF MEDICAL,Others,RIZWAN ABBASI,	923013007116,33.413322,73.383976
1000095405,AATIF GENERAL STORE,MUREEK CHOWK KALLAR SYEDAN,KALLAR SYEDAN,KALLAR SYEDAN-2,CONVENTIONAL TRADE,GENERAL STORE,Groceries,JAVAID,	923315222796,33.412511,73.387744
1000095406,AL QURESH FOOD,MUREEK CHOWK KALLAR SYEDAN,KALLAR SYEDAN,KALLAR SYEDAN-3,MODERN HORECA,FAST FOOD,Eatries,ATTA JAVAID,	923005222796,33.41281,73.385014
1000095407,NASEER COLD DRINK,LARI ADA KALLAR SYEDAN,KALLAR SYEDAN,KALLAR SYEDAN-1,TRADITIONAL HORECA,BEVERAGE & STREET VENDOR,Eatries,NASEER,	923013244849,33.4129667,73.382258
1000095553,MANI EASY LOAD & COLD DRINKS,PINDI ROAD KALLAR SYEDAN RAWALPINDI,KALLAR SYEDAN,KALLAR SYEDAN-1,TRADITIONAL HORECA,BEVERAGE & STREET VENDOR,Eatries,MUHAMMAD SAJJAD,	923015367752,33.419403,73.369392
1000095555,QAZI GENERAL STORE,GUJJAR KHAN ROAD KALLER SYEDAN RAWALPINDI,KALLAR SYEDAN,KALLAR SYEDAN-1,CONVENTIONAL TRADE,GENERAL STORE,Groceries,NOUMAN SHABIR,	923006034606,33.41256,73.378446
1000095556,AL SHIFA PHARMACY,CHOA ROAD KALLER SYEDAN RAWALPINDI,KALLAR SYEDAN,KALLAR SYEDAN-1,SPECIALITY STORE,MEDICAL STORE/CHAIN OF MEDICAL,Others,SHAHZAD AKBAR,	923365418092,33.413983,73.379597
1000095557,AL MADINA GENERAL STORE,SPORT ROAD DHAMALI KALLER SYEDAN RAWALPINDI,KALLAR SYEDAN,KALLAR SYEDAN-3,CONVENTIONAL TRADE,GENERAL STORE,Groceries,QAMAR ZAMAN,	923015134473,33.435821,73.452539
1000095558,USMANIA SHOPPING CENTER,KHAD BANAHIL KALLER SYEDAN RAWALPINDI,KALLAR SYEDAN,KALLAR SYEDAN-3,MODERN TRADE,MODERN GENRAL STORE,Groceries,SARFRAZ HUSSAIN,	923455599644,33.460249,73.588439
1000095559,GHAFOOR KIRYANA STORE,MORA MUREED KALLER SYEDAN RAWALPINDI,KALLAR SYEDAN,KALLAR SYEDAN-3,CONVENTIONAL TRADE,KIRYANA STORE,Groceries,ABDUL GHAFOOR,	923445287192,33.412709,73.388876
1000095560,TAYYAB GENERAL STORE,SADAQ ABAD KALLAR SYEDAN,KALLAR SYEDAN,KALLAR SYEDAN-3,CONVENTIONAL TRADE,GENERAL STORE,Groceries,MUHAMMAD TAYYAB,	923039432824,33.412814,73.378862
1000095561,PESHAWAR KABAB,DOKE KASHMIRIAN SIR  SOBA SHAH KALLAR,KALLAR SYEDAN,KALLAR SYEDAN-1,TRADITIONAL HORECA,CONVENTIONAL RESTAURANT,Eatries,REHMATULLAH,	923225265465,33.413106,73.382287
1000096823,ALTAF GENERAL STORE,LOONI BY PASS KALLAR,KALLAR SYEDAN,KALLAR SYEDAN-1,CONVENTIONAL TRADE,GENERAL STORE,Groceries,MUHAMMAD ALTAF,	923231510320,33.41642,73.3756483
1000096824,TOHEED BAKERY,NOOR PLAZA KALLAR SYEDAN,KALLAR SYEDAN,KALLAR SYEDAN-1,SPECIALITY STORE,BAKERIES & SWEET SHOPS,Others,WASEEM SHAHZAD,	923045694805,33.41671753,73.37805939
1000096825,MOQBOOL KIRYANA STORE,DHOKE BHATIYAN KALLAR,KALLAR SYEDAN,KALLAR SYEDAN-3,CONVENTIONAL TRADE,KIRYANA STORE,Groceries,MAQBOOL HUSSAIN,	923015265436,33.362793,73.3853458
1000096826,SHAKEEL PHARMACY,PINDI ROAD KALLAR,KALLAR SYEDAN,KALLAR SYEDAN-1,SPECIALITY STORE,MEDICAL STORE/CHAIN OF MEDICAL,Others,MUHAMMAD SHAKEEL,	923365348008,33.420484,73.367753
1000097592,APPNA CHOWK PINDORI GENERAL STORE,MAIN BAZAR CHAWK PINDORI,KALLAR SYEDAN,KALLAR SYEDAN-3,CONVENTIONAL TRADE,GENERAL STORE,Groceries,MUHAMMAD ABBAS,	923421089099,33.47055343,73.3421004
1000097607,ZIA TRADERS,KALLAR ROAD CHAWK PINDORES,KALLAR SYEDAN,KALLAR SYEDAN-2,MODERN TRADE,MODERN GENRAL STORE,Groceries,NADEEM MUNAWAR,	923005062901,33.47031107,73.34312771
1000097620,AREEBA BAKERS,KALLAR ROAD MAIN CHAWK PINDORI,KALLAR SYEDAN,KALLAR SYEDAN-2,SPECIALITY STORE,BAKERIES & SWEET SHOPS,Others,USAMA BILAL,	923455529772,33.47073097,73.34044639
1000097628,QAZI MUHAMMAD ISMAIEL AND ISHAQ TUCK SHOP,RAWAT INDUSTRIAL,KALLAR SYEDAN,KALLAR SYEDAN-2,CONVENTIONAL TRADE,PAN/ CIGARETTE SHOP,Others,QAZI MUHAMMAD YOUSAF,	923009548572,33.47039728,73.34220006
1000097630,BUTT GENERAL STORE,KALLAR ROAD CHAWK PINDORI,KALLAR SYEDAN,KALLAR SYEDAN-3,CONVENTIONAL TRADE,GENERAL STORE,Groceries,IMRAN ISHFAQ,	923025080471,33.47008757,73.34374833
1000097632,SUFI KARYANA STORE,MAIN CHAWK PANDORI KALLAR ROAD,KALLAR SYEDAN,KALLAR SYEDAN-3,CONVENTIONAL TRADE,KIRYANA STORE,Groceries,SUFFI MUHAMMAD JAN,	923165155166,33.47077257,73.34108035
1000097634,KAMRA SWEETS AND BAKERS,MAIN CHAWK PINDORE RAWAT,KALLAR SYEDAN,KALLAR SYEDAN-3,SPECIALITY STORE,BAKERIES & SWEET SHOPS,Others,MUHAMMAD SHAHZAD,	923025599635,33.47054,73.34184
1000097638,CHAND GENERAL STORE,BHATTA ROAD CHAWK PINDORI,KALLAR SYEDAN,KALLAR SYEDAN-3,CONVENTIONAL TRADE,GENERAL STORE,Groceries,WAQAR AHMAD,	923012935581,33.49275,73.204935
1000097745,MASTER TRADER AND GENERAL STORE,MAIN BAZAR KALLAR SYEDAN,KALLAR SYEDAN,KALLAR SYEDAN-3,MODERN TRADE,MODERN GENRAL STORE,Groceries,MUHAMMAD SHERAZ,	923035933959,33.415346,73.378464
1000097746,IFTIKHAR GENERAL STORE,DOKE MAK KALLAR SYEDAN,KALLAR SYEDAN,KALLAR SYEDAN-3,CONVENTIONAL TRADE,GENERAL STORE,Groceries,M.IFTIKHAR,	923225128101,33.418492,73.367359
1000097748,KHURSHEED GENERAL STORE,SAHOOT KALLAR SYEDAN,KALLAR SYEDAN,KALLAR SYEDAN-3,CONVENTIONAL TRADE,GENERAL STORE,Groceries,MUHAMMAD KHURSHEED,	923035855789,33.437567,73.453637
1000097749,FAIZAN GENERAL STORE,THANA ROAD KALLAR SYEDAN,KALLAR SYEDAN,KALLAR SYEDAN-1,CONVENTIONAL TRADE,GENERAL STORE,Groceries,FAIZAN HAMEED,	923011254905,33.42164993,73.38128662
1000097750,NEYYAR GENERAL STORE,MAMYAM VILLAGE KALLAR SYEDAN,KALLAR SYEDAN,KALLAR SYEDAN-3,CONVENTIONAL TRADE,GENERAL STORE,Groceries,RAJA NEAR ABBSS,	923365106418,33.449522,73.413562
1000097751,AL MADINA HOTEL,PINDI ROAD KALLAR SYEDAN,KALLAR SYEDAN,KALLAR SYEDAN-1,TRADITIONAL HORECA,CONVENTIONAL RESTAURANT,Eatries,RAJA ADNAN,	923009194952,33.41945,73.3693117
1000097752,RAJPOOT CASH & CARRY,CHOA ROAD KALLAR SYEDAN,KALLAR SYEDAN,KALLAR SYEDAN-1,CONVENTIONAL TRADE,GENERAL STORE,Groceries,TAUQEER HUSSAIN,	923005231973,33.414083,73.384504
1000097753,MUKHTAR KIRYANA STORE,SAKOOT VILLAGE KALLAR,KALLAR SYEDAN,KALLAR SYEDAN-3,CONVENTIONAL TRADE,KIRYANA STORE,Groceries,MUKHTIAR AHMAD,	923009774565,33.408813,73.455828
1000097755,FAIZAN GENERAL STORE,DOKE BANNI KALLAR SYEDAN,KALLAR SYEDAN,KALLAR SYEDAN-3,CONVENTIONAL TRADE,GENERAL STORE,Groceries,TANVEER HUSSAIN,	923045757647,33.415221,73.385194
1000097756,NEW RAJA C/S,MOHARA BANNI KALLAR SYEDAN,KALLAR SYEDAN,KALLAR SYEDAN-3,CONVENTIONAL TRADE,KIRYANA STORE,Groceries,HAFIZ TALIB HUSSAIN,	923015090193,33.425532,73.358355
1000097761,ALI SHER GENERAL STORE,GUJJAR KHAN ROAD KALLAR SYEDAN,KALLAR SYEDAN,KALLAR SYEDAN-1,CONVENTIONAL TRADE,GENERAL STORE,Groceries,EHSAN ALI,	923065520905,33.40768051,73.37815857
1000097763,YAQOOB KIRYANA STORE,MEHRA SANGAL KALLAR SYEDAN,KALLAR SYEDAN,KALLAR SYEDAN-1,CONVENTIONAL TRADE,KIRYANA STORE,Groceries,MUHAMMAD YAQOOB KIYANI,	923125459116,33.41679,73.3741
1000097765,ATTA ULLAH BAKERS AND GENERAL STORE,MOHRA LANGRIAL KALLAR SYEDAN,KALLAR SYEDAN,KALLAR SYEDAN-3,SPECIALITY STORE,BAKERIES & SWEET SHOPS,Others,JAWAD HUSSAIN,	923035992040,33.40817,73.42435
1000100073,BISMILLAH AWAMI HOTEL,GT ROAD NEAR T CHOWK OPP ISLAMABAD TOLL PLAZA,KALLAR SYEDAN,KALLAR SYEDAN-2,TRADITIONAL HORECA,CONVENTIONAL RESTAURANT,Eatries,IMRAN KHAN,	923479000045,33.47061361,73.32299807
1000100173,HARIS GENERAL STORE,MAIN BAZAAR DOBAIRAN,KALLAR SYEDAN,KALLAR SYEDAN-3,MODERN TRADE,MODERN GENRAL STORE,Groceries,GULAM ABBAS,	923041508660,34.0099152,71.7913689
1000100180,SHAHEEN INDERWAL HOTEL,KASHMIR ROAD CHOOA KHALSA,KALLAR SYEDAN,KALLAR SYEDAN-3,TRADITIONAL HORECA,CONVENTIONAL RESTAURANT,Eatries,ABDUL AZIZ,	923465480511,33.4956,73.212
1000100380,HAS MART (SNS TUCK SHOP),GT ROAD NEAR T CHOWKE RAWAT,KALLAR SYEDAN,KALLAR SYEDAN-2,SPECIALITY STORE,PETROLEUM FOOD MARTS,Others,M.TAIMOOR WAHEED KHAN,	923451898070,33.35355,73.29352
1000100382,BABA MASTAN KARYANA AND GENERAL STORE,GT ROAD NEAR NADRA OFFICE RAWAT,KALLAR SYEDAN,KALLAR SYEDAN-2,CONVENTIONAL TRADE,GENERAL STORE,Groceries,MUHAMMAD BURHAN UDDIN,	923459320978,33.494818,73.196663
1000103576,BABA GEE KALYAMI TUCK SHOP,KALLAR ROAD OPPOSITE GOVT.BOYS SCHOOL RAWAT,KALLAR SYEDAN,KALLAR SYEDAN-2,TRADITIONAL HORECA,BEVERAGE & STREET VENDOR,Eatries,ZAFAR IQBAL,	923005007739,33.49456372,73.20173593
1000104843,AL MALIK CHAND SHINWARI RESTURANT,MAIN GT ROAD MANDRA  NEAR PSO PUMP,KALLAR SYEDAN,KALLAR SYEDAN-2,MODERN HORECA,FINE RESTAURANT,Eatries,ARSLAN AZHAR,	923470552302,33.3617,73.241867
1000104857,AL EMAN TUCK SHOP,NEAR BY SHAMAS CHAWK,KALLAR SYEDAN,KALLAR SYEDAN-2,CONVENTIONAL TRADE,PAN/ CIGARETTE SHOP,Others,WASIF,	923405120072,33.371442,73.243185
1000104863,YASIR BAKERS,MAIN BAZAR SAMOOT KALLAR SYEDAN,KALLAR SYEDAN,KALLAR SYEDAN-3,SPECIALITY STORE,BAKERIES & SWEET SHOPS,Others,ADIL MUNIR,	923005076988,33.3410134,73.4964189
1000107072,SADDAQAT CHEMIST,KALLAR ROAD MAIN CHOWKE PINDORI RAWAT,KALLAR SYEDAN,KALLAR SYEDAN-3,SPECIALITY STORE,MEDICAL STORE/CHAIN OF MEDICAL,Others,ZAHID ASHRAF,	923325427876,33.4744,73.26821
1000107985,IBN E RIAZ KARYANA STORE,GT ROAD GUJAR KHAN  KALLAR SYEDAN,KALLAR SYEDAN,KALLAR SYEDAN-1,CONVENTIONAL TRADE,KIRYANA STORE,Groceries,MUHAMMAD IMRAN,	923100556148,33.40623474,73.37787628
1000107986,FAISAL KIRYANA STORE,GUJJAR KHAN ROAD KALLAR SYEDAN,KALLAR SYEDAN,KALLAR SYEDAN-1,CONVENTIONAL TRADE,KIRYANA STORE,Groceries,MIRZA ALI ABID,	923005245531,33.40917587,73.37838745
1000107987,SUPER GENERAL STORE,KALLAR SYEDAN,KALLAR SYEDAN,KALLAR SYEDAN-3,CONVENTIONAL TRADE,GENERAL STORE,Groceries,TARIQ MEHMOOD,	923048299050,33.4099798,73.3915486
1000108313,FAHEEM KARYANA STORE,BHANGRIL ROAD RAWAT NEAR BY QASIM MOSQUE,KALLAR SYEDAN,KALLAR SYEDAN-2,CONVENTIONAL TRADE,KIRYANA STORE,Groceries,SULTAN AHMED,	923225906897,33.494669,73.196646
1000108317,KHYBER SHANWARI TIKKA HOUSE,MAIN GT ROAD RAWAT CH AUTOS AND GENERAL STORE,KALLAR SYEDAN,KALLAR SYEDAN-2,TRADITIONAL HORECA,CONVENTIONAL RESTAURANT,Eatries,CH RASHID,	923415234852,33.49542,73.1923
1000108320,B.M COLD DRINKS,KALLAR SYEDAN NEAR BY GOVT GIRLS HIGH SCHOOL  KALLAR SYEDAN,KALLAR SYEDAN,KALLAR SYEDAN-1,TRADITIONAL HORECA,BEVERAGE & STREET VENDOR,Eatries,KHALIL AHMED,	923335321373,33.419481,73.369252
1000108324,HAMZA FIRST,MAIN CHAWK KALLAR SYEDAN,KALLAR SYEDAN,KALLAR SYEDAN-3,MODERN HORECA,FAST FOOD,Eatries,TAHA MEHMOOD,	923009558450,33.4145404,73.3790099
1000112682,ZAHID TRADER,MAIN BAZAR KALLAR SYEDAN,KALLAR SYEDAN,KALLAR SYEDAN-3,WHOLESALE,WHOLESALE,Wholeseller,ZAHID MAHMOOD,	923075131707,33.415962,73.378726
1000112684,YOUSAF GENERAL STORE,MAIN BAZAR KALLAR SYEDAN,KALLAR SYEDAN,KALLAR SYEDAN-3,CONVENTIONAL TRADE,GENERAL STORE,Groceries,USAMA NAWAZ,	923005310354,34.0581612,71.6046573
1000112685,PUNNU GENERAL STORE,LOONI GANDRAN KALLAR SYEDAN,KALLAR SYEDAN,KALLAR SYEDAN-3,CONVENTIONAL TRADE,GENERAL STORE,Groceries,PUNNU KHAN,	923035011786,34.1970211,71.7540483
1000112687,HANEEF KIRYANA STORE,MANGAL VILLAGE KALLAR SYEDAN,KALLAR SYEDAN,KALLAR SYEDAN-3,CONVENTIONAL TRADE,KIRYANA STORE,Groceries,MUHAMMAD HANEEF,	923215146069,34.1557966,71.7444735
1000112688,HAMEED GENERAL STORE,MANGAL VILLAGE KALLAR SYEDAN,KALLAR SYEDAN,KALLAR SYEDAN-3,CONVENTIONAL TRADE,GENERAL STORE,Groceries,MUHAMMAD ASIM,	923446666074,33.261901,73.691892
1000112690,SOHAIB BIRYANI,PINDI ROAD KALAR SYEDAN,KALLAR SYEDAN,KALLAR SYEDAN-2,TRADITIONAL HORECA,CONVENTIONAL RESTAURANT,Eatries,RAJA MUHAMMAD RAB NAWAZ,	923015028024,33.402911,73.604197
1000112952,BEST POINT SUPER STORE,GT ROAD RAWAT  MANDRA,KALLAR SYEDAN,KALLAR SYEDAN-2,MODERN TRADE,SUPER MARKET,LMT,ABDUL ABBAS,	923035350401,33.27459,73.29105
1000112965,REHMAT ULLAH GENERAL STORE,GT ROAD RAWAT NEAR BY SABRI HOTEL,KALLAR SYEDAN,KALLAR SYEDAN-2,CONVENTIONAL TRADE,GENERAL STORE,Groceries,EJAZ AHMED,	923459905061,33.39983,73.22405
1000112966,TAHA KARYANA STORE,GT ROAD RAWAT,KALLAR SYEDAN,KALLAR SYEDAN-2,CONVENTIONAL TRADE,KIRYANA STORE,Groceries,SHAMRAIZ MEHMOOD,	923346865453,33.396967,73.226059
1000112979,ISLAMABAD GENERAL STORE,MAIN GT ROAD RAWAT KHYBER SHANWARI,KALLAR SYEDAN,KALLAR SYEDAN-2,CONVENTIONAL TRADE,GENERAL STORE,Groceries,CH RASHID,	923450570025,33.41032,73.22478
1000113059,MOHSIN CASH & CARRY,PINDI ROAD KALLAR SYEDAN,KALLAR SYEDAN,KALLAR SYEDAN-1,MODERN TRADE,MODERN GENRAL STORE,Groceries,MOHSIN WAQAR,	923005270469,33.41573334,73.37672424
1000113495,SOGHAAT SWEET & BAKERS,DADYAL ROAD CHOA KHALSA,KALLAR SYEDAN,KALLAR SYEDAN-3,SPECIALITY STORE,BAKERIES & SWEET SHOPS,Others,TALIB HUSSAIN,	923335755151,33.565156,73.545698
1000113496,ASHIR GENERAL STORE,DOBAIRAN ROAD MUREED CHOWK,KALLAR SYEDAN,KALLAR SYEDAN-3,CONVENTIONAL TRADE,GENERAL STORE,Groceries,TAHIR MEHMOOD,	923014847850,33.562156,73.545645
1000113497,BISMILLAH BAKERS,BEKRA BAAD,KALLAR SYEDAN,KALLAR SYEDAN-3,SPECIALITY STORE,BAKERIES & SWEET SHOPS,Others,TANVEER IQBAL,	923149520626,33.562112,73.545648
1000114974,CHUDHARY TUCK SHOP,GT ROAD RAWAT T CHOWK RAWALPINDI,KALLAR SYEDAN,KALLAR SYEDAN-2,TRADITIONAL HORECA,BEVERAGE & STREET VENDOR,Eatries,CHAUDHRY ARSLAN SHERAZ,	923319831563,33.510754,73.1804319
1000115805,SM TUCK SHOP 2,PSO PUMP  GT ROAD RAWAT,KALLAR SYEDAN,KALLAR SYEDAN-2,SPECIALITY STORE,PETROLEUM FOOD MARTS,Others,SULTAN MEHBOOB,	923435000796,33.4789479,73.2470009
1000116100,SIKANDAR COLD DRINKS,GT ROAD MANDRA,KALLAR SYEDAN,KALLAR SYEDAN-2,TRADITIONAL HORECA,LOCAL FOOD STAND,Eatries,SIKANDAR,	923426072940,33.363608,73.241357
1000116642,AL MADINA HOTEL,G-T ROAD NEAR MARHABA ASTATE RAWAT RAWALPINDI,KALLAR SYEDAN,KALLAR SYEDAN-2,TRADITIONAL HORECA,CONVENTIONAL RESTAURANT,Eatries,NAEEM AHMED,	923145119331,33.50249,73.19286
1000116643,AL SHEHBAZ QANDHARI HOTEL,G-T ROAD CHATTI PUL NEAR ROYAL VILLAGE RESTAURENT RAWAT,KALLAR SYEDAN,KALLAR SYEDAN-2,TRADITIONAL HORECA,CONVENTIONAL RESTAURANT,Eatries,NOUMAN,	923153737699,33.43749,73.2283
1000116646,BUTT COLD DRINKS,G-T ROAD CHATTI PUL RAWAT NEAR ROYAL VILLAGE RAWAT RAWALPINDI,KALLAR SYEDAN,KALLAR SYEDAN-2,TRADITIONAL HORECA,BEVERAGE & STREET VENDOR,Eatries,GHULAM ABBAS,	923005206306,33.44132,73.2253
1000116698,SHAHEEN TUCK SHOP,G-T ROAD CHATTI PUL NEAR SHAHEEN RESTAURENT RAWAT,KALLAR SYEDAN,KALLAR SYEDAN-2,TRADITIONAL HORECA,BEVERAGE & STREET VENDOR,Eatries,TANVEER,	923445876920,33.42986,73.22782
1000116699,SHAKIR KHAN GENERAL STORE,G-T ROAD RAWAT SAGRI MORR NEAR MALIK GENERAL STORE RAWALPINDI,KALLAR SYEDAN,KALLAR SYEDAN-2,CONVENTIONAL TRADE,GENERAL STORE,Groceries,SHAKIR,	923215546484,33.45059,73.22413
1000116700,SHANI COLD DRINKS,G-T ROAD NADIRA OFFICE RAWAT RAWALPINDI,KALLAR SYEDAN,KALLAR SYEDAN-2,TRADITIONAL HORECA,BEVERAGE & STREET VENDOR,Eatries,ZEESHAN HUSSAIN,	923005239395,33.5042402,73.1905024
1000116710,AL NOOR TRADERS,CHOWK PENDORI BHATA ROAD MOHRA KHOWA,KALLAR SYEDAN,KALLAR SYEDAN-3,MODERN TRADE,MODERN GENRAL STORE,Groceries,MUHAMMAD SIDIQUE,	923335495024,33.48522362,73.22406
1000116711,AL SHEHBAZ TANDOORI HOTEL,G-T ROAD RAWAT CHATTI PULL,KALLAR SYEDAN,KALLAR SYEDAN-2,TRADITIONAL HORECA,CONVENTIONAL RESTAURANT,Eatries,NOUMAN,	923025654566,33.43749,73.2283
1000116713,ANSAR KARYANA STORE,KALLAR ROAD SARDAR MARKET,KALLAR SYEDAN,KALLAR SYEDAN-2,CONVENTIONAL TRADE,KIRYANA STORE,Groceries,ANSAR,	923025260467,33.477399,73.25366
1000116714,AZAD GENERAL STORE,SAGHRI MUHALLAH MOHRA MEERAN,KALLAR SYEDAN,KALLAR SYEDAN-2,CONVENTIONAL TRADE,GENERAL STORE,Groceries,MUHAMMAD AZAD,	923215306491,33.47737,73.2563
1000116715,AZLAN GENERAL STORE,CHOWK PENDORI BHATA ROAD MOHRA KHOWA,KALLAR SYEDAN,KALLAR SYEDAN-3,CONVENTIONAL TRADE,GENERAL STORE,Groceries,MUHAMMAD AHYAANULLAH,	923345260775,33.49311,73.204562
1000116720,FANI MANI FOODS CORNER,KALLAR ROAD DHOKE MAJOR OPPOSITE BABA GEE KALYAMI HOTEL RAWAT,KALLAR SYEDAN,KALLAR SYEDAN-2,TRADITIONAL HORECA,LOCAL FOOD STAND,Eatries,IRFAN SHEHZAD,	923315947677,33.48553957,73.22359273
1000116763,PEER SHAH GHAZI TUCK SHOP,CHOWK PANDORI BHATA ROAD OPPOSITE  RAWAT,KALLAR SYEDAN,KALLAR SYEDAN-3,CONVENTIONAL TRADE,PAN/ CIGARETTE SHOP,Others,KAMRAN,	923015387288,33.4725,73.3031
1000116771,SADAAT GENERAL STORE,SAGHRI RAJA LIAQAT PLAZA MOHRA MERAN,KALLAR SYEDAN,KALLAR SYEDAN-2,CONVENTIONAL TRADE,GENERAL STORE,Groceries,IJAZ HUSSAIN SHAH,	923432469882,33.431794,73.2276
1000116777,SHERAZ BAKERS,CHOWK PENDORI MAIN BAZAR OPPOSITE KHAWAR GORMENTS RAWAT RAWALPINDI,KALLAR SYEDAN,KALLAR SYEDAN-3,SPECIALITY STORE,BAKERIES & SWEET SHOPS,Others,SOHAIL,	923005460080,33.47232,73.2871
1000116857,KAMRAN KIRYANA STORE,JATLI STOP CHAKWAL ROAD,KALLAR SYEDAN,KALLAR SYEDAN-1,CONVENTIONAL TRADE,KIRYANA STORE,Groceries,KAMRAN,	923465355867,33.4163,73.3756
1000117084,GHOUSIA GENERAL STORE,CHOWK PANDORI  RAWAT,KALLAR SYEDAN,KALLAR SYEDAN-2,CONVENTIONAL TRADE,GENERAL STORE,Groceries,RAJA BASHEER HUSSAIN,	923215341892,33.477855,73.252033
1000117146,ABDUL REHMAN COLD DRINKS,VEGON ADDA KALLAR SYEDAN,KALLAR SYEDAN,KALLAR SYEDAN-1,TRADITIONAL HORECA,BEVERAGE & STREET VENDOR,Eatries,ZAHOOR,	923009883682,33.412959,73.382488
1000117148,ABU BAKAR GENERAL STORE,MAIN KALLAR SYEDAN ROAD,KALLAR SYEDAN,KALLAR SYEDAN-1,CONVENTIONAL TRADE,GENERAL STORE,Groceries,WALAIT HUSSAIN,	923035187055,33.413192,73.380781
1000117150,ASIF GENERAL STORE,FANA ROAD OPPOSITE AL MADINA JEWLERS KALLAR SYEDAN,KALLAR SYEDAN,KALLAR SYEDAN-1,CONVENTIONAL TRADE,GENERAL STORE,Groceries,ASIF ALI,	923015181680,33.4136367,73.380505
1000117151,CHOUDARY GENERAL STORE,CHOHA KHALSA,KALLAR SYEDAN,KALLAR SYEDAN-3,CONVENTIONAL TRADE,GENERAL STORE,Groceries,WAHEED AKHTER,	923025313281,33.263616,73.385243
1000117152,FRIEND FAST FOOD,RAWALPINDI ROAD KALAR SYEDAN,KALLAR SYEDAN,KALLAR SYEDAN-3,MODERN HORECA,FAST FOOD,Eatries,MUHAMMAD KALEEM,	923005713043,33.263617,73.385244
1000117153,IKRAM AKHTER GENERAL STORE,RAWALPINDI ROAD KALAR SYEDAN,KALLAR SYEDAN,KALLAR SYEDAN-3,CONVENTIONAL TRADE,GENERAL STORE,Groceries,IKRAM AKHTER,	923009136366,33.263618,73.385245
1000117154,MUGHAL PAKEEZA,MAIN BAZAR KALLAR SYEDAN,KALLAR SYEDAN,KALLAR SYEDAN-1,TRADITIONAL HORECA,CONVENTIONAL RESTAURANT,Eatries,AHMED HANEEF,	923125469007,33.4146078,73.3786212
1000117155,MUHAMMAD SARFARAZ GENERAL STORE,ASYANA ALIYA HAQ BAHU KALLAR SYEDAN,KALLAR SYEDAN,KALLAR SYEDAN-3,CONVENTIONAL TRADE,GENERAL STORE,Groceries,AAMIR SHAHZAD,	923025695088,33.26362,73.385247
1000117156,RAEES KHAN GENERAL STORE,RAWALPINDI ROAD KALAR SYEDAN,KALLAR SYEDAN,KALLAR SYEDAN-3,CONVENTIONAL TRADE,GENERAL STORE,Groceries,JAHANGIR HUSSAIN,	923339655752,33.263621,73.385248
1000117157,RAJA AMEER AFZAL GENERAL STORE,MOHRA LANGRIYAL MAIN ROAD KALLAR SYEDAN,KALLAR SYEDAN,KALLAR SYEDAN-3,CONVENTIONAL TRADE,GENERAL STORE,Groceries,RAJA AZMAT MEHMOOD,	923015273481,33.263622,73.385249
1000117158,RAJPOOT KIRYANA STORE,GUJAR KHAN ROAD KALLAR SYEDAN,KALLAR SYEDAN,KALLAR SYEDAN-3,CONVENTIONAL TRADE,KIRYANA STORE,Groceries,NOUMAN MUNEER,	923487984465,33.263623,73.38525
1000117159,SADAQAT BAKERS,17 SOTO MAIN BAZAR KALLAR SYEDAN,KALLAR SYEDAN,KALLAR SYEDAN-3,SPECIALITY STORE,BAKERIES & SWEET SHOPS,Others,SHAFIQ,	923025696742,33.263624,73.385251
1000117160,SAFEER GENERAL STORE,ASYANA ALIYA HAQ BAHU KALLAR SYEDAN,KALLAR SYEDAN,KALLAR SYEDAN-3,CONVENTIONAL TRADE,GENERAL STORE,Groceries,SAFEER AHMED,	923009737987,33.263625,73.385252
1000117161,SARFARAZ BAKERS,CHOHA KHALSA OPPOSITE JAHANGIR BAKERS KALLAR SYEDAN,KALLAR SYEDAN,KALLAR SYEDAN-3,SPECIALITY STORE,BAKERIES & SWEET SHOPS,Others,SARFARAZ HUSSAIN,	923068132433,33.4321547,73.3644482
1000117162,SHABEER BAKERS,NEELAM BAZAR KALLAR SYEDAN,KALLAR SYEDAN,KALLAR SYEDAN-1,SPECIALITY STORE,BAKERIES & SWEET SHOPS,Others,MUHAMMAD. ADREES,	923008351986,33.4145292,73.3788447
1000117163,SYED RIAZ GENERAL STORE,FANA ROAD KALLAR SYEDAN,KALLAR SYEDAN,KALLAR SYEDAN-3,CONVENTIONAL TRADE,GENERAL STORE,Groceries,SYED RIAZ,	923005392098,33.263628,73.385255
1000117164,THREE STAR GENERAL STORE,CHOHA KHALSA OPPOSITE PAPU ROAD KALLAR SYEDAN,KALLAR SYEDAN,KALLAR SYEDAN-3,CONVENTIONAL TRADE,GENERAL STORE,Groceries,SAJID ALI,	923436521986,33.263629,73.385256
1000117250,ALI FAST FOOD,DHOBAIRAN KALLAR SYEDAN,KALLAR SYEDAN,KALLAR SYEDAN-3,MODERN HORECA,FAST FOOD,Eatries,ABID HUSSAIN,	923015152236,33.72866,73.918693
1000117251,SAGHIR HOTEL,MAIN BAZAR KALLAR SYEDAN,KALLAR SYEDAN,KALLAR SYEDAN-3,TRADITIONAL HORECA,CONVENTIONAL RESTAURANT,Eatries,SAGHIR HUSSAIN,	923005188586,33.72848,73.918651
1000117252,CHISTI GENERAL STORE,GUJAR KHAN ROAD KALLAR SYEDAN,KALLAR SYEDAN,KALLAR SYEDAN-1,CONVENTIONAL TRADE,GENERAL STORE,Groceries,M ARSLAN,	923334134745,33.4136367,73.380505
1000117253,MANSOOR GENERAL STORE,THANA ROAD KALLAR SYEDAN,KALLAR SYEDAN,KALLAR SYEDAN-1,CONVENTIONAL TRADE,GENERAL STORE,Groceries,FAISAL,	923085969326,33.41983032,73.38008881
1000117254,ALNORANI BIRYANI,DARWAISH ADDA KALLAR SYEDAN,KALLAR SYEDAN,KALLAR SYEDAN-1,TRADITIONAL HORECA,CONVENTIONAL RESTAURANT,Eatries,M.BILAL,	923455906915,33.41772,73.372725
1000117255,AWAMI DERA,MUREED CHOWK KALLAR SYEDAN,KALLAR SYEDAN,KALLAR SYEDAN-3,TRADITIONAL HORECA,CONVENTIONAL RESTAURANT,Eatries,JAMAL MASOOD,	923230516060,33.4136405,73.3873978
1000117258,BISMILLAH BAKERS,MOHRA LANGRAL KALLAR SYEDAN,KALLAR SYEDAN,KALLAR SYEDAN-3,SPECIALITY STORE,BAKERIES & SWEET SHOPS,Others,ADIL ARSHAD,	923155093242,33.727991,73.9186783
1000117259,SAAD AHMED COOL DRINKS,CHOA ROAD KALLAR SYEDAN,KALLAR SYEDAN,KALLAR SYEDAN-3,TRADITIONAL HORECA,BEVERAGE & STREET VENDOR,Eatries,SAAD AHMED,	923065112773,33.727332,73.9186417
1000117260,SARFRAZ GENERAL STORE,LOONI BY PASS KALLAR SYEDAN,KALLAR SYEDAN,KALLAR SYEDAN-3,CONVENTIONAL TRADE,GENERAL STORE,Groceries,SARFARAZ HUSSAIN,	923055587786,33.727357,73.9186483
1000117261,SULTAN KIRYANA STORE,JAMIA MASJID MEHRA SINGHAL,KALLAR SYEDAN,KALLAR SYEDAN-3,CONVENTIONAL TRADE,KIRYANA STORE,Groceries,SHAHZAD SULTAN,	923025278044,33.727324,73.9186462
1000117262,ORCZY CASH & CARRY,CHOA ROAD KALLAR SYEDAN,KALLAR SYEDAN,KALLAR SYEDAN-1,MODERN TRADE,SUPER MARKET,LMT,USMAN KHAWAR,	923208542708,33.413074,73.390859
1000117263,HAMZA COLD DRINKS,PINDI ROAD KALLAR SYEDAN,KALLAR SYEDAN,KALLAR SYEDAN-3,TRADITIONAL HORECA,BEVERAGE & STREET VENDOR,Eatries,NADEEM SHAHZAD,	923025398085,33.727324,73.9186457
1000118187,REHMAT BAKERS,PINDI ROAD KALLAR SYEDAN,KALLAR SYEDAN,KALLAR SYEDAN-1,SPECIALITY STORE,BAKERIES & SWEET SHOPS,Others,MUHAMMAD ASIF,	923015333478,33.4164841,73.375196
1000118188,KALARIYAAN KIRYANA STORE,KALARIYAAN VILLAGE KALLAR SYEDAN,KALLAR SYEDAN,KALLAR SYEDAN-3,CONVENTIONAL TRADE,KIRYANA STORE,Groceries,ABU ZAR,	923345523871,33.727878,73.9186513
1000118189,BISMILLAH BAKERS & COSMETICS,THANA ROAD KALLAR SYEDAN,KALLAR SYEDAN,KALLAR SYEDAN-3,SPECIALITY STORE,BAKERIES & SWEET SHOPS,Others,TANVEER IQBAL,	923009569007,33.727899,73.9186578
1000118245,MAMOO G BURGER,CHOA ROAD KALLAR SYEDAN,KALLAR SYEDAN,KALLAR SYEDAN-1,TRADITIONAL HORECA,LOCAL FOOD STAND,Eatries,MUHAMMAD RIZWAN,	923009855185,33.413548,73.380354
1000118246,PAKISTAN KIRYANA STORE,MAIN BAZAR CHOWK PINDORI,KALLAR SYEDAN,KALLAR SYEDAN-3,CONVENTIONAL TRADE,KIRYANA STORE,Groceries,ATTIQUE UR REHMAN,	923345142608,33.48649716,73.22158237
1000118247,PAK SUPER STORE,MAIN BAZAR DOBAIRAN KALLAR SYEDAN,KALLAR SYEDAN,KALLAR SYEDAN-3,MODERN TRADE,MODERN GENRAL STORE,Groceries,MUHAMMAD SHABIR,	923025249633,33.727415,73.9186321
1000118248,ALI BAKERS,MAIN BAZAR CHOA KHALSA,KALLAR SYEDAN,KALLAR SYEDAN-3,SPECIALITY STORE,BAKERIES & SWEET SHOPS,Others,HUSNAIN ALI,	923005123553,33.727455,73.9186371
1000118250,GILLANIA GENERAL STORE,VILLAGE TOTA KALLAR SYEDAN,KALLAR SYEDAN,KALLAR SYEDAN-3,CONVENTIONAL TRADE,GENERAL STORE,Groceries,ADNAN,	923455599473,33.727484,73.9186355
1000118251,3 STAR GENERAL STORE,MOHRA BAKHTAN SHAH BAGH,KALLAR SYEDAN,KALLAR SYEDAN-2,CONVENTIONAL TRADE,GENERAL STORE,Groceries,MUHAMMAD ISLAM,	923040810162,33.727473,73.9186381
1000118253,JAHANGIR KIRYANA STORE,CHOA ROAD KANOHA KALLAR SYEDAN,KALLAR SYEDAN,KALLAR SYEDAN-3,CONVENTIONAL TRADE,KIRYANA STORE,Groceries,JAHANGIR AHMED,	923004919942,33.727414,73.9186317
1000118255,GHOUSIA GENERAL STORE,GHAZNA BAAD SHAHBAGH,KALLAR SYEDAN,KALLAR SYEDAN-2,CONVENTIONAL TRADE,GENERAL STORE,Groceries,ISHTIAQ MEHMOOD,	923005397700,33.491481,73.209683
1000118257,SUPER REFRESHMENT,MAIN BAZAR KALLAR SYEDAN,KALLAR SYEDAN,KALLAR SYEDAN-1,TRADITIONAL HORECA,CONVENTIONAL RESTAURANT,Eatries,MUHAMMAD ILTAF,	923212424975,33.413818,73.379866
1000118745,PARIS SHAADI HALL,CHAKWAL MORE MANDRA GUJR AKHAN,KALLAR SYEDAN,KALLAR SYEDAN-2,INSTITUTIONS,MARRIAGE HALL/CATERERS,Eatries,ANSAR KHAN,	923088533723,33.35503,73.24226
1000118747,AHMED KARYANA STORE,DHOKE AAMP KALAR ROAD RAWAT,KALLAR SYEDAN,KALLAR SYEDAN-2,CONVENTIONAL TRADE,KIRYANA STORE,Groceries,RAZA,	923430551024,33.5037549,73.2041003
1000118753,PAKISTAN HOTEL,CHARI KALYAL  MAIN GT ROAD GUJJAR KAHN,KALLAR SYEDAN,KALLAR SYEDAN-2,TRADITIONAL HORECA,CONVENTIONAL RESTAURANT,Eatries,HAMZA SABRI,	923359031802,33.327661,73.255324
1000119034,AL REHMAN GENERAL STORE,KORI ROAD NAWAZABAD MANDARA GUJJAR KHAN,KALLAR SYEDAN,KALLAR SYEDAN-2,CONVENTIONAL TRADE,GENERAL STORE,Groceries,HABIB UR REHMAN,	923355117964,33.371983,73.244427
1000119036,TIME OUT TUCK SHOP,NEAR TOLL PLAZA GT ROAD MANDRA,KALLAR SYEDAN,KALLAR SYEDAN-2,TRADITIONAL HORECA,BEVERAGE & STREET VENDOR,Eatries,MUHAMMAD HASSAN,	923005139831,33.47014939,73.3436555
1000119444,BISMILLAH GENERAL STORE,MAIN BAZAR MANDRA,KALLAR SYEDAN,KALLAR SYEDAN-2,CONVENTIONAL TRADE,GENERAL STORE,Groceries,MALIK RIZWAN,	923135171702,33.371181,73.243402
1000119964,KAYANI GENERAL STORE,GHULAM HUSSAIN MARKET CHOWK PINDORI,KALLAR SYEDAN,KALLAR SYEDAN-3,CONVENTIONAL TRADE,GENERAL STORE,Groceries,GHULAM FAROOQ,	923015334149,33.4929,73.204945
1000119966,NAVEED COLD DRINKS,MAIN VILLAGE MOHRA BAKHTA,KALLAR SYEDAN,KALLAR SYEDAN-3,TRADITIONAL HORECA,BEVERAGE & STREET VENDOR,Eatries,MANSOOR AHMED,	923105488723,33.505416,73.286146
1000119992,DEEN KIRYANA STORE,VILLAGE MIANA MOHRA NOTHAI,KALLAR SYEDAN,KALLAR SYEDAN-3,CONVENTIONAL TRADE,KIRYANA STORE,Groceries,MUHAMMAD DEEN,	923004469605,33.48312,73.29114
1000119993,JABBAR KIRYANA STORE,KARAMAT MARKET AARA BOHRA HAYAL,KALLAR SYEDAN,KALLAR SYEDAN-3,CONVENTIONAL TRADE,KIRYANA STORE,Groceries,ABDUL JABBAR,	923004066576,33.48912,73.29412
1000119994,SARFRAZ COLD DRINKS,VILLAGE MOHRA NOORA,KALLAR SYEDAN,KALLAR SYEDAN-3,TRADITIONAL HORECA,BEVERAGE & STREET VENDOR,Eatries,SARFRAZ HUSSAIN,	923445710376,33.48915,73.29414
1000119995,AL MADINA BAKERS & SWEETS,AMBALA PLAZA PINDI ROAD CHOWK PINDORI,KALLAR SYEDAN,KALLAR SYEDAN-3,SPECIALITY STORE,BAKERIES & SWEET SHOPS,Others,MUHAMMAD IMRAN,	923005586452,33.47170659,73.33118479
1000121534,SUPER MAGHRAY BAKERY AND GENERAL STORE,KASHMIR ROAD KALAR CITY,KALLAR SYEDAN,KALLAR SYEDAN-2,SPECIALITY STORE,BAKERIES & SWEET SHOPS,Others,UMAIR ILTAF,	923171522142,33.4134025,73.3806489
1000121535,KABEER GENERAL STORE,BHATA ROAD CHOWK PINDORI,KALLAR SYEDAN,KALLAR SYEDAN-3,CONVENTIONAL TRADE,GENERAL STORE,Groceries,MUHAMMAD ZAHID FIAZ,	923134661261,33.469563,73.341515
1000121648,ARHAM GENERAL STORE,GUJAR KHAN ROAD A-BLOCK  DHA HOMES,KALLAR SYEDAN,KALLAR SYEDAN-2,CONVENTIONAL TRADE,GENERAL STORE,Groceries,QASIM BIN TARIQ,	923087574165,33.4137215,73.3782989
1000121651,HAQANI GENERAL STORE,SIR SUBH SHAH KASHMIR ROAD KALLAR SYEDAN,KALLAR SYEDAN,KALLAR SYEDAN-3,CONVENTIONAL TRADE,GENERAL STORE,Groceries,BASHARAT ALI,	923005354665,33.3936982,73.5112681
1000121652,MADNI GENERAL STORE,PIR GARATAN SYEDAN,KALLAR SYEDAN,KALLAR SYEDAN-3,CONVENTIONAL TRADE,GENERAL STORE,Groceries,MUHAMMAD RIAZ,	923445527595,33.486465,73.2938183
1000122977,REHAN BAKERS,MUJEED ABAD CHOWK SAGRI MANDRA,KALLAR SYEDAN,KALLAR SYEDAN-2,SPECIALITY STORE,BAKERIES & SWEET SHOPS,Others,MUHAMMAD RIZWAN,	923008326292,33.294953,73.366733
1000122979,LALA MANZOOR SUPER STORE,MAIN SERVICE  ROAD GT ROAD RAWAT,KALLAR SYEDAN,KALLAR SYEDAN-2,MODERN TRADE,MODERN GENRAL STORE,Groceries,FAISAL MANZOOR,	923145106505,33.50424,73.19196
1000122998,KHYBER HOTEL,GT ROAD  RAWAT  NEAR KASHMIR   FLOOR  MIL,KALLAR SYEDAN,KALLAR SYEDAN-2,TRADITIONAL HORECA,CONVENTIONAL RESTAURANT,Eatries,SHABIR  MUNIR,	923005253651,33.423776,73.224813
1000123014,RIZWAN KHATTAK HOTLE,GT ROAD MANDRA,KALLAR SYEDAN,KALLAR SYEDAN-2,TRADITIONAL HORECA,CONVENTIONAL RESTAURANT,Eatries,RIZWAN KHATTAK,	923175423917,33.372528,73.239509
1000123015,FAHEEM GENERAL STORE,GTROAD MANDRA,KALLAR SYEDAN,KALLAR SYEDAN-2,CONVENTIONAL TRADE,GENERAL STORE,Groceries,FAHEEM THAIR,	923145604690,33.388066,73.231352
1000123028,NASIR HOTLE,TANDI SHARAK MANDRA,KALLAR SYEDAN,KALLAR SYEDAN-2,TRADITIONAL HORECA,CONVENTIONAL RESTAURANT,Eatries,NASIR HUSSAIN,	923105455500,33.36267,73.230059
1000123029,ARIF GENERAL STORE,KORI NEAR GOUSIA CHOWK MANDRA,KALLAR SYEDAN,KALLAR SYEDAN-2,CONVENTIONAL TRADE,GENERAL STORE,Groceries,ARIF MEHMOOD,	923335164604,33.395716,73.285465
1000123066,MUGHAL TUCK SHOP,MAIN GT ROAD RAWAT ADDA MANDRA,KALLAR SYEDAN,KALLAR SYEDAN-2,TRADITIONAL HORECA,BEVERAGE & STREET VENDOR,Eatries,KAMRAN ZULFIQAR,	923165296512,33.50893,73.18391
1000123072,ALI GENERAL STORE,POLICE COLONY MANDRA,KALLAR SYEDAN,KALLAR SYEDAN-2,CONVENTIONAL TRADE,GENERAL STORE,Groceries,JAHANZAIB JAHANGIR,	923088516261,33.48249,73.20067
1000123370,HAJI FIAZ GENERAL STORE,MAIN BAZAR SKOOT  MAMYAM ROAD.,KALLAR SYEDAN,KALLAR SYEDAN-3,CONVENTIONAL TRADE,GENERAL STORE,Groceries,MUHAMMAD FIAZ,	923015747701,33.47101,73.4841817
1000123371,ADEEL TRADERS,MUREED CHOWK BESIDES MADNI MOSQUE GUJJAR KHAN,KALLAR SYEDAN,KALLAR SYEDAN-2,MODERN TRADE,MODERN GENRAL STORE,Groceries,MUHAMMAD ADEEL,	923035971194,33.412666,73.387127
1000123373,PIR BANU BEEF PULAO,MAIN MUREED CHOW  KALLAR SYEDAN,KALLAR SYEDAN,KALLAR SYEDAN-3,TRADITIONAL HORECA,CONVENTIONAL RESTAURANT,Eatries,FALAK NAZ KHAN,	923336167176,33.4127375,73.3880233
1000123374,DANYAL KIRYANA STORE,SHAH BAG  PINDI-KALLAR ROAD BESIDES BABA HOTEL,KALLAR SYEDAN,KALLAR SYEDAN-3,CONVENTIONAL TRADE,KIRYANA STORE,Groceries,BILAL AFZAL,	923445043879,33.4731,73.30318
1000123375,CHICKEN COTAGE,MAIN BAZAR SHAH BAG  KALLAR PINDI ROAD GUJJAR KHAN,KALLAR SYEDAN,KALLAR SYEDAN-3,SPECIALITY STORE,BAKERIES & SWEET SHOPS,Others,MUHAMMAD ASIF,	923325574294,33.473406,73.301491
1000123377,ZAFAR IQBAL KIRYANA STORE,ARAZI AWAN  TAL KHALSA  KALLAR SYEDAN,KALLAR SYEDAN,KALLAR SYEDAN-2,CONVENTIONAL TRADE,KIRYANA STORE,Groceries,ZAFAR IQBAL,	923235176208,33.3740811,73.3815263
1000123378,GHAMKOL KIRYANA AND G STORE,BAGLA RAJGHAN  MAMYAM ROAD GUJJAR KHAN,KALLAR SYEDAN,KALLAR SYEDAN-3,CONVENTIONAL TRADE,KIRYANA STORE,Groceries,MUHAMMAD ASHTIAQ,	923315282905,33.4962055,73.5005443
1000123379,AURANGZAIB GENERAL STORE,THAND ROAD  TMO OFFICE  KALLAR SYEDAN,KALLAR SYEDAN,KALLAR SYEDAN-1,CONVENTIONAL TRADE,GENERAL STORE,Groceries,AURANGZAIB,	923225225879,33.4168129,73.37830353
1000123382,AWAMI SWEETS & BAKERS,MAIN BAZAR CHOWK PINDORI GUJJAR KHAN,KALLAR SYEDAN,KALLAR SYEDAN-3,SPECIALITY STORE,BAKERIES & SWEET SHOPS,Others,SHAMS UR REHMAN,	923411506869,33.47068771,73.34284594
1000123383,BISMILLAH MODERN BAKERS AND SWEETS,MAIN BAZAR CHOWK PINDORI,KALLAR SYEDAN,KALLAR SYEDAN-3,SPECIALITY STORE,BAKERIES & SWEET SHOPS,Others,WAHEED AHMED,	923138825629,33.47021264,73.34290697
1000123384,HAIDER ALI TUCK SHOP,KAHOTA ROAD  CHOWK PINDORI GUJJAR KHAN,KALLAR SYEDAN,KALLAR SYEDAN-3,CONVENTIONAL TRADE,PAN/ CIGARETTE SHOP,Others,SHAH NAWAZ,	923015110798,33.4725,73.303
1000123386,HAJI MASHKOOR CASH & CARRY,PINDI ROAD BESIDES REHMAT BAKERS GUJJAR KHAN,KALLAR SYEDAN,KALLAR SYEDAN-1,MODERN TRADE,SUPER MARKET,LMT,ARSALAN,	923036379999,33.416531,73.37522
1000123387,WASEEM GENERAL STORE,CHAO ROAD BESIDES HAMZA MURG PULAO GUJJAR KHAN,KALLAR SYEDAN,KALLAR SYEDAN-1,CONVENTIONAL TRADE,GENERAL STORE,Groceries,WASEEM AHMED,	923090624006,33.412885,73.38257
1000123389,SUFI KIRYANA STORE,MAIN BAZAR CHOWK PINDORI BESIDES UBL GUJJAR KHAN,KALLAR SYEDAN,KALLAR SYEDAN-2,CONVENTIONAL TRADE,KIRYANA STORE,Groceries,MUHAMMAD USMAN,	923125992073,33.4321362,73.3639388
1000123390,RIZWAN GENERAL STORE,PINDI ROAD KALLAR BESIDES FAISAL BANK,KALLAR SYEDAN,KALLAR SYEDAN-1,CONVENTIONAL TRADE,GENERAL STORE,Groceries,IBRAHIM ILYAS,	923225229599,33.4165702,73.3752317
1000123393,ISLAMIA KIRYANA STORE,QASIM MARKET  PINDI ROAD BESIDES AWAN CNG,KALLAR SYEDAN,KALLAR SYEDAN-1,CONVENTIONAL TRADE,KIRYANA STORE,Groceries,FAHAD,	923025087805,33.41757,73.3793
1000123394,ALI GENERAL STORE,QASIM MARKET BESIDES AWAN CNG GUJJAR KHAN,KALLAR SYEDAN,KALLAR SYEDAN-1,CONVENTIONAL TRADE,GENERAL STORE,Groceries,NAVEED ASHRAF,	923015179465,33.41662979,73.3746109
1000123713,QUERASHI GENERAL STORE,MAIN BAZAR MANDRA GUJJAR KHAN,KALLAR SYEDAN,KALLAR SYEDAN-2,CONVENTIONAL TRADE,GENERAL STORE,Groceries,TAHIR MEHMOOD,	923009108168,33.36734,73.23949
1000123940,MUHAMMADI GENERAL STORE,MAIN BAZAR CHOWK PINDORI,KALLAR SYEDAN,KALLAR SYEDAN-3,CONVENTIONAL TRADE,GENERAL STORE,Groceries,KHURSHEED AHMED JANJUA,	923047736010,33.4700287,73.344411
1000123941,BILAL BAKERS,BUTT CHOWK  PHALENA ROAD  KALLAR SYEDAN KAHOUTA,KALLAR SYEDAN,KALLAR SYEDAN-1,SPECIALITY STORE,BAKERIES & SWEET SHOPS,Others,BILAL NAEEM BUTT,	923025331045,33.4190683,73.3687017
1000123944,TARIQ BUTTA GENERAL STORE,KANOHA BESIDES DADYAL ROAD KAHOUTA,KALLAR SYEDAN,KALLAR SYEDAN-2,CONVENTIONAL TRADE,GENERAL STORE,Groceries,TARIQ MASOOD,	923075423520,33.3989791,73.4289904
1000124354,S.S TUCK SHOP,RAWAT ADDA NEAR FLY OVER GUJJAR KHAN,KALLAR SYEDAN,KALLAR SYEDAN-2,TRADITIONAL HORECA,BEVERAGE & STREET VENDOR,Eatries,AFZAL AHMED,	923015057162,33.498317,73.196411
1000124355,AL SHUKAR HOTEL,BGHA MOR GT ROAD RAWAT GUJJAR KHAN,KALLAR SYEDAN,KALLAR SYEDAN-2,TRADITIONAL HORECA,CONVENTIONAL RESTAURANT,Eatries,MUHAMMAD LUQMAN,	923167171711,33.50471,73.18898
1000124361,DAWAT HOTLE,KALYAM MOR NEAR KASHMIR FLOUR MILL GUJJAR KHAN,KALLAR SYEDAN,KALLAR SYEDAN-2,TRADITIONAL HORECA,CONVENTIONAL RESTAURANT,Eatries,ANAAR DEEN,	923018099743,33.423666,73.224388
1000124365,POTHAR FOOD CORNER & RESTURANT,MAIN BAZAR MANDRA,KALLAR SYEDAN,KALLAR SYEDAN-2,TRADITIONAL HORECA,CONVENTIONAL RESTAURANT,Eatries,MUHAMMAD IDREES,	923145600555,33.27457,73.29111
1000124368,PUNJAB SWEET AND BAKER,INDUSTRIAL AREA NEAR GT ROAD RAWAT,KALLAR SYEDAN,KALLAR SYEDAN-2,SPECIALITY STORE,BAKERIES & SWEET SHOPS,Others,RANA NADEEM ANWAR,	923335535844,33.47781,73.25311
1000124370,NEW SITARA BILAL HOTEL,MAIN BAZAR  MAIN GT ROAD RAWAT GUJJAR KHAN,KALLAR SYEDAN,KALLAR SYEDAN-2,TRADITIONAL HORECA,CONVENTIONAL RESTAURANT,Eatries,ABID HUSAIN,	923459753423,33.48057,73.19693
1000126474,RAJA WASEEM GENERAL STORE,DHOKE MAIRA CHOWK PINDORI KALLAR SYEDAN,KALLAR SYEDAN,KALLAR SYEDAN-3,CONVENTIONAL TRADE,GENERAL STORE,Groceries,RAJA ATIF,	923088528283,33.470554,73.3421005
1000126477,UK ALI HOTEL,WILAYATABAD DADYAL ROAD KALLAR SYEDAN,KALLAR SYEDAN,KALLAR SYEDAN-2,TRADITIONAL HORECA,CONVENTIONAL RESTAURANT,Eatries,RAJA PERVAIZ AKHTER,	923005254459,33.3785837,73.5349338
1000126482,MUHAMMAD RAFEH K/S,BHATA ROAD CHOWK PINDORI KALLAR SYEDAN,KALLAR SYEDAN,KALLAR SYEDAN-3,CONVENTIONAL TRADE,KIRYANA STORE,Groceries,MUHAMMAD IMTAQAN,	923022638630,33.49305129,73.20470812
1000129707,WADEE HOTEL,MOHRA PHADYAL KALLAR SYEDAN,KALLAR SYEDAN,KALLAR SYEDAN-2,TRADITIONAL HORECA,CONVENTIONAL RESTAURANT,Eatries,MUHAMMAD AWAIS,	923045683215,33.4085442,73.4118743
1000129708,SHANI GENERAL STORE,PINDI ROAD DHOKE NAWAB KHAN KALLAR SYEDAN,KALLAR SYEDAN,KALLAR SYEDAN-1,CONVENTIONAL TRADE,GENERAL STORE,Groceries,TASEER AHMED,	923035221789,33.416668,73.3737181
1000129710,CH HUSSAIN TUCK SHOP,JANJUA TOWN BHATTA ROAD KALLAR SYEDAN,KALLAR SYEDAN,KALLAR SYEDAN-3,CONVENTIONAL TRADE,PAN/ CIGARETTE SHOP,Others,HAJI QAZAFI SADIQQUE,	923455231627,33.49305192,73.204561
1000129712,VEER BAKERS AND GENERAL STORE,LOONI BYPASS BESIDES DARBAR ALIYA,KALLAR SYEDAN,KALLAR SYEDAN-1,SPECIALITY STORE,BAKERIES & SWEET SHOPS,Others,BILAL MUHAMMAD,	923025695088,33.432987,73.386051
1000129713,MALIK GENERAL STORE,MUGHAL BAZAR GIRLS PRIMARY SCHOOL KALLAR SYEDAN,KALLAR SYEDAN,KALLAR SYEDAN-1,CONVENTIONAL TRADE,GENERAL STORE,Groceries,ADNAN ILTAF,	923009795219,33.4190217,73.3688267
1000129714,MAKKAH GENERAL STORE,CHAO ROAD NEAR TMO OFFICE KALLAR SYEDAN,KALLAR SYEDAN,KALLAR SYEDAN-1,CONVENTIONAL TRADE,GENERAL STORE,Groceries,GHULAM ABBAS,	923015667730,33.4175,73.3724
1000129717,TARIQ SAMOSA SHOP,MAIN MARKET PHALENA KALLAR SYEDAN,KALLAR SYEDAN,KALLAR SYEDAN-2,MODERN HORECA,FAST FOOD,Eatries,TARIQ MEHMOOD,	923045693945,33.4046567,73.3249271
1000129718,AZHAR CORNER STORE,MAIN MARKET PHALENA KALLAR SYEDAN,KALLAR SYEDAN,KALLAR SYEDAN-3,CONVENTIONAL TRADE,KIRYANA STORE,Groceries,AZHAR AYOUB,	923205000150,33.4053417,73.3254767
1000129722,QURESHI GENERAL STORE,MAIN BAZAR BESIDES QURESHI REF KALLAR SYEDAN,KALLAR SYEDAN,KALLAR SYEDAN-1,CONVENTIONAL TRADE,GENERAL STORE,Groceries,ATTIQ UR REHMAN,	923009709224,33.41756058,73.37930298
1000129727,WAHEED BAKERS,MUGHAL MARKET GIRLS PRIMARY SCHOOL KALLAR SYEDAN,KALLAR SYEDAN,KALLAR SYEDAN-1,SPECIALITY STORE,BAKERIES & SWEET SHOPS,Others,MUHAMMAD ARZAM,	923008337882,33.416019,73.3785205
1000129734,Dhani Tuck shop,MOHRA LANGIAL CHAO KHALSA KALLAR SYEDAN,KALLAR SYEDAN,KALLAR SYEDAN-2,CONVENTIONAL TRADE,PAN/ CIGARETTE SHOP,Others,Waheed Mushtaq,	923198529229,33.40737831,73.48316366
1000130051,PETRONET PAKISTAN (AIT GT ROAD RAWAT),RAWAT EDUCATIONAL COMPLEX  AIT GT ROAD RAWAT,KALLAR SYEDAN,KALLAR SYEDAN-2,INSTITUTIONS,SCHOOL/COLLEGE/UNIVERSITIES,Others,SYED YASIR HASSAN JILLANI,	923319333559,33.5049,73.1903
1000130567,B.M HOTEL AND RESTAURANT,CHAPPAR STOP MAIN PINDI ROAD KALLAR SYEDAN,KALLAR SYEDAN,KALLAR SYEDAN-3,TRADITIONAL HORECA,CONVENTIONAL RESTAURANT,Eatries,KAMRAN MAJEED,	923455386289,33.47338269,73.27914257
1000130568,MUGHAL KIRYANA STORE,BHATA ROAD MAIN MARKET CHOWK PINDORI,KALLAR SYEDAN,KALLAR SYEDAN-3,CONVENTIONAL TRADE,KIRYANA STORE,Groceries,MUHAMMAD BILAL,	923145133041,33.469464,73.34145
1000130569,GM CASH AND CARRY,BHATA ROAD CHOWK PINDORI KALLAR SYEDAN,KALLAR SYEDAN,KALLAR SYEDAN-2,MODERN TRADE,MODERN GENRAL STORE,Groceries,GHULAM MOYODIN,	923133593090,33.468296,73.340342
1000130570,KAREEM GENERAL STORE,GUJJAR KHAN ROAD KALLAR SYEDAN,KALLAR SYEDAN,KALLAR SYEDAN-3,CONVENTIONAL TRADE,GENERAL STORE,Groceries,WAQAR SADDIQUE,	923365840217,33.413824,73.378419
1000131739,TANDORI CHASKA AND SHINWARI HOUSE,OPP TOTAL PUMP GT ROD RAWAT,KALLAR SYEDAN,KALLAR SYEDAN-2,TRADITIONAL HORECA,CONVENTIONAL RESTAURANT,Eatries,MATLOOB AHMED,	923335101751,33.43173,73.22696
1000132943,KASHI GENERAL STORE,DHOKE NAWAB PINDI ROAD KALLAR SYEDAN,KALLAR SYEDAN,KALLAR SYEDAN-1,CONVENTIONAL TRADE,GENERAL STORE,Groceries,ABDUL GHAFFAR,	923365049341,33.4169399,73.3743812
1000132944,BISMILLAH GENERAL STORE,GHOUSIA MOHALLAH NEAR OPF SCHOOL KALLAR SYEDAN,KALLAR SYEDAN,KALLAR SYEDAN-1,CONVENTIONAL TRADE,GENERAL STORE,Groceries,M.TEHSEEN,	923035931767,33.41392899,73.37550354
1000132945,MUSTAFA CASH & CARRYY,BANK CHOWK KANOHA KALLAR SYEDAN,KALLAR SYEDAN,KALLAR SYEDAN-3,MODERN TRADE,MODERN GENRAL STORE,Groceries,ARSLAN KHALIQ,	923005536045,33.4074017,73.431295
1000132947,KARACHI BARYANI,MAIN BAZAR CHOWK PINDORI KALLAR SYEDAN,KALLAR SYEDAN,KALLAR SYEDAN-3,TRADITIONAL HORECA,CONVENTIONAL RESTAURANT,Eatries,DILDAR ALI,	923009121412,33.4735,73.27411
1000132999,CAFE DE POMZ,PINDI ROAD NEAR REHMAT BAKERS,KALLAR SYEDAN,KALLAR SYEDAN-3,MODERN HORECA,FAST FOOD,Eatries,ZAGHAM SAEED,	923085138067,33.4207817,73.3747379
1000134062,BILAL COLD DRINKS,JHANGI STOP NEAR MANDRA BAZAR,KALLAR SYEDAN,KALLAR SYEDAN-2,TRADITIONAL HORECA,BEVERAGE & STREET VENDOR,Eatries,MUHAMMAD BILLAL,	923335334443,33.3716501,73.2379045
1000134068,SULTANIA GENERAL STORE,CHAMBER MOR LINK ROAD RAWAT,KALLAR SYEDAN,KALLAR SYEDAN-2,CONVENTIONAL TRADE,GENERAL STORE,Groceries,MUHAMMAD JUNAID,	923115312050,33.50425,73.19194
1000134069,NIZAMI TUCK SHOP,MACHINE STOP GT ROAD RAWAT,KALLAR SYEDAN,KALLAR SYEDAN-2,TRADITIONAL HORECA,BEVERAGE & STREET VENDOR,Eatries,AAMIR NAZIR,	923155597422,33.50404,73.18898
1000134070,ASIM TUCK SHOP,OPPOSITE DHOKE SHOUKAT GT ROAD RAWAT,KALLAR SYEDAN,KALLAR SYEDAN-2,TRADITIONAL HORECA,BEVERAGE & STREET VENDOR,Eatries,ASIM JAVED,	923131592260,33.47237865,73.28582263
1000134313,BLUEFIN MART,ZANAB NAQSOOD PLAZA NEAR SARDAR MARKET,KALLAR SYEDAN,KALLAR SYEDAN-2,MODERN TRADE,MODERN GENRAL STORE,Groceries,ATTA UL MUHIMIN,	923305852010,33.4775526,73.2540605
1000134376,HASNAIN GENERAL STORE,MAIN MUREED CHOWK KALLAR SYEDAN ROAD,KALLAR SYEDAN,KALLAR SYEDAN-1,CONVENTIONAL TRADE,GENERAL STORE,Groceries,MOHSIN ALI,	923015586885,33.412719,73.387955
1000134551,ESHAL PHARMACY AND COSMETICS,MAIN PINDI ROAD KALLAR SYEDAN,KALLAR SYEDAN,KALLAR SYEDAN-1,SPECIALITY STORE,MEDICAL STORE/CHAIN OF MEDICAL,Others,RAJA NOUMAN MEHMOOD,	923495044467,33.419985,73.3683154
1000134552,ZISHAN GENERAL STORE,DARYALI MOHRA PEERU TEHSIL GUJJAR KHAN,KALLAR SYEDAN,KALLAR SYEDAN-2,CONVENTIONAL TRADE,GENERAL STORE,Groceries,ZISHAN MEHMOOD,	923313868679,33.4321585,73.3641362
1000135087,GEO TUCK SHOP,MAIN GT ROAD RAWAT NEAR GIFT CNG,KALLAR SYEDAN,KALLAR SYEDAN-2,TRADITIONAL HORECA,BEVERAGE & STREET VENDOR,Eatries,AQEEL AHMED KIYANI,	923215704618,33.5059863,73.1870773
1000136661,BABAR KIRYANA STORE,CHOBUTRA KALLAR ROAD KALLER SYEDAN,KALLAR SYEDAN,KALLAR SYEDAN-3,CONVENTIONAL TRADE,KIRYANA STORE,Groceries,RAJA BABAR,	923005212140,33.49285,73.204949
1000136662,JAMEEL MART,PIRANWALA CHOWK KALLAR BY PASS KALLAR SYEDAN,KALLAR SYEDAN,KALLAR SYEDAN-2,MODERN TRADE,SUPER MARKET,LMT,MUHAMMAD TOUQEER,	923075361191,33.4322112,73.3861109
1000136663,AYAT BOOK STORE & REFRESHMENT,PAHILNA ROAD NEAR BY OPP PUBLIC SCHOOLKALLAR,KALLAR SYEDAN,KALLAR SYEDAN-1,CONVENTIONAL TRADE,GENERAL STORE,Groceries,YASIR MEHMOOD,	923005222796,33.417125,73.3652
1000136695,G MIAN G LAHORE NASTA RESTAURANT,MAIN G T ROAD RAWAT OPPOSITE DOMILE RESTAURANT,KALLAR SYEDAN,KALLAR SYEDAN-2,TRADITIONAL HORECA,CONVENTIONAL RESTAURANT,Eatries,MUKRAB REHMAT,	923099880798,33.504256,73.191906
1000137193,FAIZAN GENERAL STORE,BANK CHOWK KONHWAH KALLAR,KALLAR SYEDAN,KALLAR SYEDAN-3,CONVENTIONAL TRADE,GENERAL STORE,Groceries,FAIZAN HAMEED,	923436521785,33.4078665,73.4303923
1000137604,FRESH SWEETS & BAKERS,PIEER CHOWK LOONI BY PASS KALLAR SYEDAN,KALLAR SYEDAN,KALLAR SYEDAN-1,SPECIALITY STORE,BAKERIES & SWEET SHOPS,Others,USMAN ALI,	923095049312,33.43294,73.385957
1000137606,YOUNAS BIRYANI,MAIN ROAD CHOWK  PINDORI KALLAR ROAD,KALLAR SYEDAN,KALLAR SYEDAN-3,TRADITIONAL HORECA,CONVENTIONAL RESTAURANT,Eatries,MUHAMMAD SULMAN,	923171521231,33.47026153,73.34385965
1000137607,MAKKAH ZAM ZAM HOTEL,MAIN ROAD CHOWK PINDORI KALLAR ROAD,KALLAR SYEDAN,KALLAR SYEDAN-3,TRADITIONAL HORECA,CONVENTIONAL RESTAURANT,Eatries,MUHAMMAD BASHIR,	923225180307,33.47013856,73.34417695
1000137908,BAQALLA  CASH  & CARRY,CHOHA ROAD KALLAR SYEDAN  OPP MCB,KALLAR SYEDAN,KALLAR SYEDAN-3,MODERN TRADE,MODERN GENRAL STORE,Groceries,MALIK IMRAN KHALIQ,	923111110147,33.4146899,73.3824742
1000137909,BAQALLA CASH AND CARRY,CHOHA ROAD KALLAR SYEDAN OPP MCB,KALLAR SYEDAN,KALLAR SYEDAN-3,MODERN TRADE,MODERN GENRAL STORE,Groceries,MALIK IMRAN KHALIQ,	923111110147,33.4146899,73.3824742
1000137965,DUWA BAKERS SWEETS,IBRAHIM MARKET KALLAR SYDAN ROAD KALLAR,KALLAR SYEDAN,KALLAR SYEDAN-1,SPECIALITY STORE,BAKERIES & SWEET SHOPS,Others,ZAFRAN,	923040209714,33.4195899,73.3689241
1000137967,SAQIB GENERAL STORE,RAZI MORR BHATA ROAD KALLAR,KALLAR SYEDAN,KALLAR SYEDAN-3,CONVENTIONAL TRADE,GENERAL STORE,Groceries,TARIQ MEHMOOD,	923095199516,33.469919,73.341949
1000137968,ZEESHAN BOOK DEPO,GOVT.DIGREE COLLEGE KALLAR ROAD,KALLAR SYEDAN,KALLAR SYEDAN-1,OTHERS,OTHER,Others,ZEESHAN,	923085137326,33.419464,73.369444
1000137970,CHAND SHANWARI HOTEL AND RESTAURANT,CHOWK PINDORI KALLAR ROAD,KALLAR SYEDAN,KALLAR SYEDAN-3,TRADITIONAL HORECA,CONVENTIONAL RESTAURANT,Eatries,MUHAMMAD QABIR,	923005296537,33.4928,73.20494
1000138028,MASHALLAH GENERAL STORE,MAIN CHAMBAR ROAD NEAR JS BANK,KALLAR SYEDAN,KALLAR SYEDAN-2,CONVENTIONAL TRADE,GENERAL STORE,Groceries,HASSAN RAMDON,	923015590693,33.5042,73.19195
1000138172,TAYYAB SWEETS & BAKERS,CHOHA ROAD KALLAR SYEDAN  OPP.BAF,KALLAR SYEDAN,KALLAR SYEDAN-1,SPECIALITY STORE,BAKERIES & SWEET SHOPS,Others,LUQMAN MAJEED,	923111928902,33.4127899,73.3840715
1000138826,BUTT KARAHI 4,MAIN GT ROAD NEAR KALYAM SHAREEF MOR,KALLAR SYEDAN,KALLAR SYEDAN-2,MODERN HORECA,FINE RESTAURANT,Eatries,MUHAMMAD ASAD,	923045028815,33.4183539,73.2231226
1000140159,DATA BROSAT AND PIZZA,AAB PLAZA GUJJAR KHAN ROAD KALLAR SYEDA,KALLAR SYEDAN,KALLAR SYEDAN-1,MODERN HORECA,FAST FOOD,Eatries,MUHAMMAD ZIARAB,	923061114085,33.413323,73.378443
1000140582,JO JO PIZZA & GRILL,SHARAH E KASHMIR CHOHA ROAD KALLAR SEYDAN,KALLAR SYEDAN,KALLAR SYEDAN-1,MODERN HORECA,FAST FOOD,Eatries,WASEEM ABBAS,	923445715792,33.413226,73.382527
1000144173,QAZI GENERAL STORE,SARDAR MARKET MOHRAH BATAN KALLAR ROAD RWP,KALLAR SYEDAN,KALLAR SYEDAN-3,CONVENTIONAL TRADE,GENERAL STORE,Groceries,KAIF UL ISLAM,	923436244909,33.47895,73.246395
1000144670,HAMMAD CASH & CARRY,CHOA ROAD KALLAR SYEDAN,KALLAR SYEDAN,KALLAR SYEDAN-1,MODERN TRADE,SUPER MARKET,LMT,SH ZULFIQAR ALI,	9230057500,33.41301487,73.39083275
1000144735,CITY MART PLUS,SHAR-E-KASHMIR ROAD SAR SUBAH SHAH,KALLAR SYEDAN,KALLAR SYEDAN-3,MODERN TRADE,MODERN GENRAL STORE,Groceries,MOHAMMAD HAROON,	923035676671,33.3940206,73.5101155
1000144736,BUTT SWEETS &BAKERS,KASHMIR ROAD SAR SUBAH SHAH,KALLAR SYEDAN,KALLAR SYEDAN-3,SPECIALITY STORE,BAKERIES & SWEET SHOPS,Others,MOHAMMAD HAMZA,	923025172806,33.3937543,73.5098166
1000144755,AZAN MART,THANA ROAD  KALLAR SEYDAN,KALLAR SYEDAN,KALLAR SYEDAN-1,MODERN TRADE,SUPER MARKET,LMT,MOHAMMAD ARSLAN IMTIAZ,	923035056145,33.4175033,73.3793067
1000144915,AL KHURRAM BAKERS & SWEETS,THANA ROAD KALLAR SEYDAN,KALLAR SYEDAN,KALLAR SYEDAN-1,SPECIALITY STORE,BAKERIES & SWEET SHOPS,Others,MOHAMMAD KHURRAM ATLAS,	923245186961,33.4222659,73.3801222
1000144932,B.M GENERAL STORE,GUJJAR KHAN RAOD KALLAR,KALLAR SYEDAN,KALLAR SYEDAN-1,CONVENTIONAL TRADE,GENERAL STORE,Groceries,HASSAN AKHTAR,	923088842720,33.411792,73.376789
1000145615,NEW MEHRAAJ SHUNWARI & RESTURANT,SAR SUBAH SHAH NEAR JUNGLE HOTEL,KALLAR SYEDAN,KALLAR SYEDAN-3,MODERN HORECA,FINE RESTAURANT,Eatries,MOHAMMAD QADOOS,	923005206823,33.3894717,73.5245633
1000145632,KAYANI GENERAL STORE,VILLAGE  ARAZI    KALLAR SEYDAN,KALLAR SYEDAN,KALLAR SYEDAN-3,CONVENTIONAL TRADE,GENERAL STORE,Groceries,ISHTIAQ AHMED,	923005568465,33.3812637,73.3757901
1000145633,CAFE BUDAPEST,SHOP#1ORCZY PLAZA KALLAR SYRDAN  RAWALPINDI,KALLAR SYEDAN,KALLAR SYEDAN-1,MODERN HORECA,FAST FOOD,Eatries,MUHAMMAD SIDDIQUE,	923006937590,33.4129894,73.3904257
1000145931,SHER SHAH RESTURANT,SHAHR E KASHMIR NEAR BY PASS KALLAR SEYDAN,KALLAR SYEDAN,KALLAR SYEDAN-1,TRADITIONAL HORECA,CONVENTIONAL RESTAURANT,Eatries,RAJA ADNAN SHAFIQ,	923009194952,33.4321763,73.364458
1000145935,HASEEB ZAHID TRADERS,PINDI ROAD KALLAR SEYDAN NEAR BY PASS   CHOWK,KALLAR SYEDAN,KALLAR SYEDAN-3,WHOLESALE,WHOLESALE,Wholeseller,HASEEB AHMED RAZA,	923081159950,33.4333405,73.3635199
1000146137,HUNAAN BABA GENERAL STORE,GHOUSIA MOHALLAH  NEAR SUNAHRI MOSQUE,KALLAR SYEDAN,KALLAR SYEDAN-1,CONVENTIONAL TRADE,GENERAL STORE,Groceries,MALIK ABID HUSSAIN,	923038097070,33.4149833,73.37608
1000146367,Peppery Chicken & Pizza,ORCZY MALL KALLAR SEYDAN,KALLAR SYEDAN,KALLAR SYEDAN-1,MODERN HORECA,FOOD COURTS,Eatries,Waqar Azeem,	923165130456,33.4132585,73.3903955
1000146377,GHAZI GENERAL STORE,MEHRA SINGHAL DARKALI ROAD,KALLAR SYEDAN,KALLAR SYEDAN-3,CONVENTIONAL TRADE,GENERAL STORE,Groceries,ZAHID ZAMAN,	923075773005,33.4410662,73.3596368
1000146378,ALI RAZA GENERAL STORE,VILLAGE MAKKAH CHAUDHARIAAN,KALLAR SYEDAN,KALLAR SYEDAN-3,CONVENTIONAL TRADE,GENERAL STORE,Groceries,MOHAMMAD IKRAM,	923315592472,33.4190462,73.3700619
1000146379,FRESH SWEETS & BAKERS,MAIN ROAD MAYAM  NEAR MINHAS BAKERS,KALLAR SYEDAN,KALLAR SYEDAN-3,SPECIALITY STORE,BAKERIES & SWEET SHOPS,Others,NAFEES IQBAL,	923005109890,33.4941932,73.5018234
1000146709,HAIDER CASH & CARRY,DOBERAN KALAAN,KALLAR SYEDAN,KALLAR SYEDAN-3,MODERN TRADE,MODERN GENRAL STORE,Groceries,WASEEM NAZEER,	923045006396,33.4488815,73.5082183
1000146711,ARISH GENERAL STORE,VILLAGE DHAMALI,KALLAR SYEDAN,KALLAR SYEDAN-3,CONVENTIONAL TRADE,GENERAL STORE,Groceries,MOHAMMED AFRAQ,	923065598636,33.4365495,73.4437016
1000146829,ASIF SWEETS &BAKERS,DOBERAN KALAAN MAIN ROAD,KALLAR SYEDAN,KALLAR SYEDAN-3,SPECIALITY STORE,BAKERIES & SWEET SHOPS,Others,ASIF HUSSAIN,	923345251300,33.4474517,73.506095
1000146858,AL HAFEEZ  BAKERS & GENERAL STORE,SAMOT ROAD  PIND MIRGALA,KALLAR SYEDAN,KALLAR SYEDAN-3,SPECIALITY STORE,BAKERIES & SWEET SHOPS,Others,MOHAMMED SUFIAN,	923239393068,33.3804918,73.5047968
1000147131,HASNAIN GENERAL STORE,SHARAH-E-KASHMIR ROAD KALLAR SEYDAN,KALLAR SYEDAN,KALLAR SYEDAN-3,CONVENTIONAL TRADE,GENERAL STORE,Groceries,MEHSAM ALI,	923045867496,33.4139401,73.3797292
1000148831,LIFE CARE PHARMACY,SHOP 5 RAJA SAFDAR MARKET KALLAR SAIDAN  ROAD,KALLAR SYEDAN,KALLAR SYEDAN-2,SPECIALITY STORE,MEDICAL STORE/CHAIN OF MEDICAL,Others,SYED ZUBAIR HUSSAIN SHAH,	923185152587,33.4933405,73.204395
1000148832,MANO  SALWA G BAKERS,MAIN KALLAR SAIDAN ROAD DHOKE MAJOR,KALLAR SYEDAN,KALLAR SYEDAN-2,SPECIALITY STORE,BAKERIES & SWEET SHOPS,Others,MUJEEB UR REHMAN,	923072384598,33.4851772,73.2242184
1000148833,MAX CAFE,SHAFI HOSPITAL  MAIN KALLAR SAIDAN ROAD DHOKE MAJOR,KALLAR SYEDAN,KALLAR SYEDAN-2,INSTITUTIONS,HOSPITALS,Others,MUHAMMAD  ZAHEER,	923040084499,33.48523,73.2243283
1000148834,HEALTH CARE PHARMACY,DHOKE  MAJOR STOP KALLAR SAIDAN ROAD,KALLAR SYEDAN,KALLAR SYEDAN-2,SPECIALITY STORE,MEDICAL STORE/CHAIN OF MEDICAL,Others,SYED TUFAIL HUSSAIN SHAH,	923316441988,33.4855267,73.224225
1000148835,BISMILALLH HOTEL,CH ZULFIQAR MARKET KALLAR  SAIDAN  ROAD,KALLAR SYEDAN,KALLAR SYEDAN-2,TRADITIONAL HORECA,CONVENTIONAL RESTAURANT,Eatries,MUHAMMAD ILYAS KHAN,	923418966029,33.48788,73.2181483
1000148836,AWAIS HOTEL,MAA DE BANNI KALLAR  SAIDAN ROAD,KALLAR SYEDAN,KALLAR SYEDAN-2,TRADITIONAL HORECA,CONVENTIONAL RESTAURANT,Eatries,M.AMIN,	923430059511,33.4896517,73.2131683
1000151006,CH ATTA TRADERS,PINDI ROAD KALLAR SYEDAN NEAR NATIONAL SAVING CENTER BANK,KALLAR SYEDAN,KALLAR SYEDAN-3,WHOLESALE,WHOLESALE,Wholeseller,ATTA UR REHMAN,	923320948948,33.416916,73.374071
1000152499,SHABBIR GENERAL STORE,MAIN GUJJAR KHAN ROAD KALLAR SYEDAN NEAR ROYAL BEAUTY SALOON,KALLAR SYEDAN,KALLAR SYEDAN-1,CONVENTIONAL TRADE,GENERAL STORE,Groceries,SAQLAIN SHAHZAD,	923155436625,33.4120749,73.37823
1000152502,SHAHEER PHARMACY,MAIN GUJAR KHAN ROAD KALLAR SYEDAN NEAR BEDI MEHAL KALLAR SYEDAN,KALLAR SYEDAN,KALLAR SYEDAN-1,SPECIALITY STORE,MEDICAL STORE/CHAIN OF MEDICAL,Others,ZEESHAN BASHEER,	923105166148,33.4131483,73.3783702
1000155501,SUBHAN PHARMACY ,Kallar sayedan road Near shell petrol pump,KALLAR SYEDAN,KALLAR SYEDAN-2,SPECIALITY STORE,MEDICAL STORE/CHAIN OF MEDICAL,Others,Sulman Baig,	923198055891,33.4786444,73.2478456
1000155502,Palace Pizza Hut and Tuck Shop,Kallar syedan road mankyala,KALLAR SYEDAN,KALLAR SYEDAN-2,MODERN HORECA,FAST FOOD,Eatries,Saeed Anjum,	923455289141,33.4789468,73.2463663
1000155503,PALACE Bakers,Main kallar sayedan road Mankaila,KALLAR SYEDAN,KALLAR SYEDAN-2,SPECIALITY STORE,BAKERIES & SWEET SHOPS,Others,Muhammad Irfan Khaliq ,	923476071520,33.4789454,73.2464331
1000155504,Imran Pharmacy ,mmain kallar seydan road Mankala,KALLAR SYEDAN,KALLAR SYEDAN-2,SPECIALITY STORE,MEDICAL STORE/CHAIN OF MEDICAL,Others,Matloob Hussain,	923455249392,33.4791896,73.2448443
1000155506,Shah g karyana store,Main kallar sayedan road,KALLAR SYEDAN,KALLAR SYEDAN-2,CONVENTIONAL TRADE,KIRYANA STORE,Groceries,Waqar Ali,	923110737472,33.47966,73.2437598
1000155507,Ch.Naveed G/S,Main Rawat road near fly over,KALLAR SYEDAN,KALLAR SYEDAN-2,CONVENTIONAL TRADE,GENERAL STORE,Groceries,Ghulam Sabir,	923445224617,33.4795023,73.2432902
1000155651,G-5 MART,chowk pandori  pindi road,KALLAR SYEDAN,KALLAR SYEDAN-2,MODERN TRADE,MODERN GENRAL STORE,Groceries,DANISH MEHMOOD,	923075572327,33.4705354,73.3411517
1000156068,Midtown Pizza & Grill,Qasim market main pindi  Road Kallar Syedan ,KALLAR SYEDAN,KALLAR SYEDAN-1,MODERN HORECA,FAST FOOD,Eatries,Muhammad Umar ,	923408014013,33.4176517,73.3726917
1000156069,Royal marriage  Hal ,Choa Road  at By pass kallar  Road ,KALLAR SYEDAN,KALLAR SYEDAN-2,INSTITUTIONS,MARRIAGE HALL/CATERERS,Eatries,Babar Bilal,	923016764810,33.4119613,73.3954876
1000156072,Usmania Restaurant ,main Kallar Road Shah Bagh Colony ,KALLAR SYEDAN,KALLAR SYEDAN-3,MODERN HORECA,FINE RESTAURANT,Eatries,Shabnam Sarfaraz,	923465891009,33.4734367,73.3014833
1000156073,CICKEN COTTAGE,Kallar Road near Usmania restaurant ,KALLAR SYEDAN,KALLAR SYEDAN-3,MODERN HORECA,FAST FOOD,Eatries,MUHAMMAD ASIF,	923455179065,33.4736233,73.3014917
1000156088,Raees Marquee ,Pindy Road Kallar Syedan Mangall Morr ,KALLAR SYEDAN,KALLAR SYEDAN-1,INSTITUTIONS,MARRIAGE HALL/CATERERS,Eatries,Latif Ahmed,	923361536847,33.4229578,73.3672954
1000156089,Paris Shadi Hall,Main Pindi Road Kallar Syedan ,KALLAR SYEDAN,KALLAR SYEDAN-1,INSTITUTIONS,MARRIAGE HALL/CATERERS,Eatries,Adil Mushtaq,	923245022466,33.421385,73.3669783
1000156140,Chaudhary Kitab Ghar and Stationers,Raja Akhtar Market Near Sagri Moor Kallar saydan,KALLAR SYEDAN,KALLAR SYEDAN-2,OTHERS,OTHER,Others,Bilal Ahmed,	923019572053,33.4755817,73.2634667
1000156230,Medway Pharmacy ,Main Pindi Road Kallar Syedan ,KALLAR SYEDAN,KALLAR SYEDAN-1,SPECIALITY STORE,MEDICAL STORE/CHAIN OF MEDICAL,Others,Roman Rafaqat,	923135777692,33.4202406,73.3680535
1000158279,Touseef Sweets And Bakers,Main Kallar Road near Peer Shah Ghazi Hotel,KALLAR SYEDAN,KALLAR SYEDAN-3,SPECIALITY STORE,BAKERIES & SWEET SHOPS,Others,Tauseef Ahmed,	923700540745,33.473252,73.3029424
1000158280,Wadi Hotel,Main Kallar Road near Usmania Raj Restaurant ,KALLAR SYEDAN,KALLAR SYEDAN-2,TRADITIONAL HORECA,CONVENTIONAL RESTAURANT,Eatries,Ahmed Hussain,	923009812687,33.4733967,73.30107
1000158281,Ali Raza General Store ,Main Kallar Road near Faith School,KALLAR SYEDAN,KALLAR SYEDAN-2,CONVENTIONAL TRADE,GENERAL STORE,Groceries,Muhammad Ikram,	923141472583,33.4734552,73.2991223
1000158283,Al Fazal General Store,Main Kallar Sayedan Road Near Mehran College ,KALLAR SYEDAN,KALLAR SYEDAN-2,CONVENTIONAL TRADE,GENERAL STORE,Groceries,Mehmood Akhtar,	923156947123,33.4732337,73.2978883
1000158284,Ali Refreshment Center,Main Kallar Road Near Amna Sakhi Memorial Hospital ,KALLAR SYEDAN,KALLAR SYEDAN-1,MODERN HORECA,FAST FOOD,Eatries,Din Muhammad,	923152221111,33.414768,73.378576
1000158285,MOMIN SUPER STORE,Main Kallar Sayedan Road Near Noor Marquee ,KALLAR SYEDAN,KALLAR SYEDAN-2,CONVENTIONAL TRADE,GENERAL STORE,Groceries,WAQAS RAZA,	923005215860,33.472515,73.29378
1000158286,Ghazi Sweets And Bakers,Main Kallar Road opposite Noor Marquee,KALLAR SYEDAN,KALLAR SYEDAN-2,SPECIALITY STORE,BAKERIES & SWEET SHOPS,Others,Muhammad Taufeeque,	923114243478,33.4724433,73.2904317
1000158287,Aftab General Store,Main Kallar Road Shahbagh,KALLAR SYEDAN,KALLAR SYEDAN-2,CONVENTIONAL TRADE,GENERAL STORE,Groceries,Muhammad Zeeshan Aftab,	923128585962,33.4725202,73.2894188
1000161894,Khaksaar fry fish centre,main pindi road near nadra office,KALLAR SYEDAN,KALLAR SYEDAN-1,TRADITIONAL HORECA,CONVENTIONAL RESTAURANT,Eatries,Gohar Ali,	923028948181,33.4183946,73.3711698
1000162185,Basir Kiryana & General Store,Main Doberan Road Kallar Syedan,KALLAR SYEDAN,KALLAR SYEDAN-1,CONVENTIONAL TRADE,GENERAL STORE,Groceries,Nazarat Hussain,	923235322545,33.4191952,73.391154
1000162385,W Tuck Shop,Pindi Road Kallar Syedan,KALLAR SYEDAN,KALLAR SYEDAN-1,CONVENTIONAL TRADE,GENERAL STORE,Groceries,Manzoor Hussain,	923135353054,33.4173515,73.3730433
1000162386,Munch Foods,Pindi Road Kallar Syedan,KALLAR SYEDAN,KALLAR SYEDAN-1,MODERN HORECA,FAST FOOD,Eatries,Usama Malik,	923105204875,33.4175844,73.3725687
1000162600,Kiyani 1 Tuck Shop,Kiyani Filling Station Attock Pump Chowk Pindori,KALLAR SYEDAN,KALLAR SYEDAN-2,SPECIALITY STORE,PETROLEUM FOOD MARTS,Others,Muhammad Zubair Kiyani,	923465238663,33.4709563,73.3365524
1000162602,Bawarchi,Orczy Mall Kallar Syedan,KALLAR SYEDAN,KALLAR SYEDAN-1,MODERN HORECA,FAST FOOD,Eatries,Usman Khawar,	923018554454,33.4130963,73.3903618
1000162603,Chicken House,Orczy Mall Kallar Syedan,KALLAR SYEDAN,KALLAR SYEDAN-1,MODERN HORECA,FAST FOOD,Eatries,Ali Haider,	923015473374,33.4131659,73.3902714
1000162604,Smokes Pizza & Ice Bar,Choha Road near suzuki Showroon,KALLAR SYEDAN,KALLAR SYEDAN-1,MODERN HORECA,FAST FOOD,Eatries,Hamza Khan,	923404367340,33.4118104,73.3937048
1000162605,Chill & Grill ,Orczy Mall Kallar Syedan,KALLAR SYEDAN,KALLAR SYEDAN-1,MODERN HORECA,FAST FOOD,Eatries,Muhammad Qasim,	923499465063,33.4131576,73.3902404
1000162606,Super Utility Store & Cash Carry,Main Pindi Adjacent Zong Franchise,KALLAR SYEDAN,KALLAR SYEDAN-1,INSTITUTIONS,UTILITY STORE/CSD,Others,Umer Sufyan,	923088842955,33.412954,73.3845472
1000162607,Redditch Pizza & Grill,Opposite Hammad Cash & Carry Choha Road Kallar Syedan,KALLAR SYEDAN,KALLAR SYEDAN-1,MODERN HORECA,FAST FOOD,Eatries,Muhammad Raza Ali Butt,	923015628693,33.4130017,73.3826068
1000162609,The Village Oven Pizza And Grill,Main Pindi Road Opposite Tcs Office Kallar Syedan,KALLAR SYEDAN,KALLAR SYEDAN-1,MODERN HORECA,FAST FOOD,Eatries,Waqas Ahmed ,	923335298317,33.4169433,73.3746079
1000162671,The Ottoman Pizza & Burger,Main Kashmir Road Khas Kanoha,KALLAR SYEDAN,KALLAR SYEDAN-2,MODERN HORECA,FAST FOOD,Eatries,Muhammad Irfan Razzi,	923005043414,33.4073869,73.4403313
1000162679,Insaf Karyana Store,Main Mureed Chowk Kashmir Way,KALLAR SYEDAN,KALLAR SYEDAN-1,CONVENTIONAL TRADE,KIRYANA STORE,Groceries,Muhammad Tabbasum Naseer,	923170002002,33.4127293,73.3871128
1000162697,AMEEN TRADERS,Mughal Bazar kallar Syedan,KALLAR SYEDAN,KALLAR SYEDAN-2,WHOLESALE,WHOLESALE,Wholeseller,Muhammad Zamir Siddique,	923009568520,33.4148958,73.3783267
1000162728,Shani Tuck Shop,Main Mureed Chowk Car Mechanic Market Kallar Syedan,KALLAR SYEDAN,KALLAR SYEDAN-1,CONVENTIONAL TRADE,PAN/ CIGARETTE SHOP,Others,Zeeshan Tanveer,	923013005913,33.4124223,73.3893904
1000162743,Adeel Cash & Carry,Main Mureed Chowk,KALLAR SYEDAN,KALLAR SYEDAN-1,MODERN TRADE,MODERN GENRAL STORE,Groceries,Abrar Ahmed ,	923025495461,33.4127035,73.3875142
1000162793,Insaaf Karyana & General Store,Main Pindi Road Opposite Faysal Bank Kallar Syedan Adjacent Allied Bank,KALLAR SYEDAN,KALLAR SYEDAN-1,CONVENTIONAL TRADE,GENERAL STORE,Groceries,Yasir Khan,	923231661921,33.416292,73.375897
1000162804,CASH & CARRY BY BALAJ,Sakeena Market Baba Jani Chowk Mahra Peeroo Mohaza Daryal Kallar Syedan,KALLAR SYEDAN,KALLAR SYEDAN-2,CONVENTIONAL TRADE,GENERAL STORE,Groceries,UMER SHAHZAD,	923255075094,33.3794335,73.3279305
5000000305,ALI CASH & CARRY,Choha Road Kallar Syedan opposite soneri bank,KALLAR SYEDAN,KALLAR SYEDAN-1,MODERN TRADE,MODERN GENRAL STORE,Groceries,ALI AHMED,	923051114477,33.4128476,73.3840016
